date,strategyNormalized,nasdaqCompositeNormalized,sp500Normalized
2021-08-13,1,1,1
2021-08-16,1,0.99803408,1.00262085
2021-08-17,1,0.98875249,0.99554165
2021-08-18,1,0.97996409,0.9848411
2021-08-19,1,0.9810354,0.98607874
2021-08-20,1,0.99269777,0.99410697
2021-08-23,1,1.00807872,1.00258052
2021-08-24,1,1.01328346,1.00408012
2021-08-25,1,1.01477174,1.0063093
2021-08-26,1,1.00829184,1.00044763
2021-08-27,1,1.02068418,1.0092592
2021-08-30,1,1.02988546,1.01360565
2021-08-31,1,1.02943687,1.01223818
2021-09-01,1,1.03281945,1.01255368
2021-09-02,1,1.03429014,1.015432
2021-09-03,1,1.03647189,1.0150918
2021-09-07,1,1.0372012,1.01164498
2021-09-08,1,1.03128533,1.01031106
2021-09-09,1,1.02869544,1.00565796
2021-09-10,1,1.01973904,0.99789169
2021-09-13,1,1.01907047,1.00016338
2021-09-14,1,1.0144951,0.9944158
2021-09-15,1,1.02284505,1.00284248
2021-09-16,1,1.0242206,1.00128693
2021-09-17,1,1.01491404,0.99216433
2021-09-20,1,0.99264651,0.97532005
2021-09-21,1,0.99483907,0.97452774
2021-09-22,1,1.00498885,0.98380486
2021-09-23,1,1.015472,0.99574306
2021-09-24,1,1.01516571,0.99719785
2021-09-27,1,1.00992177,0.99442924
2021-09-28,1,0.98136527,0.97417858
2021-09-29,1,0.97905538,0.97570724
2021-09-30,1,0.97474716,0.96408685
2021-10-01,1,0.98271592,0.97516563
2021-10-04,1,0.96172005,0.96250223
2021-10-05,1,0.97375208,0.9726321
2021-10-06,1,0.97834498,0.97662261
2021-10-07,1,0.98860676,0.98472689
2021-10-08,1,0.98358214,0.9828424
2021-10-11,1,0.97728513,0.97609444
2021-10-12,1,0.97591696,0.97373543
2021-10-13,1,0.98304915,0.97667856
2021-10-14,1,1.00003571,0.99334373
2021-10-15,1,1.00502192,1.00075428
2021-10-18,1,1.01341905,1.00413159
2021-10-19,1,1.02065651,1.01155548
2021-10-20,1,1.0201566,1.01526185
2021-10-21,1,1.02649952,1.01830344
2021-10-22,1,1.01803289,1.01721126
2021-10-25,1,1.02724228,1.02204118
2021-10-26,1,1.02784945,1.02390108
2021-10-27,1,1.02785821,1.01872878
2021-10-28,1,1.04217931,1.02874215
2021-10-29,1,1.04557065,1.03074751
2021-11-01,1,1.05215036,1.03260294
2021-11-02,1,1.05577176,1.03640329
2021-11-03,1,1.06669948,1.04309978
2021-11-04,1,1.07538398,1.04746196
2021-11-05,1,1.07749424,1.05137193
2021-11-08,1,1.07822086,1.05230533
2021-11-09,1,1.07175651,1.04862355
2021-11-10,1,1.0539577,1.03999775
2021-11-11,1,1.05946069,1.04057073
2021-11-12,1,1.0700308,1.04808641
2021-11-15,1,1.06955111,1.04807516
2021-11-16,1,1.07764742,1.05212621
2021-11-17,1,1.07411977,1.04938897
2021-11-18,1,1.07898654,1.05294092
2021-11-19,1,1.083286,1.05146821
2021-11-22,1,1.06961251,1.04810652
2021-11-23,1,1.06424109,1.04984337
2021-11-24,1,1.06896964,1.05225156
2021-11-26,1,1.04511666,1.02833933
2021-11-29,1,1.06475991,1.04191361
2021-11-30,1,1.04822201,1.02215756
2021-12-01,1,1.02908671,1.01008058
2021-12-02,1,1.03767278,1.02441811
2021-12-03,1,1.01771376,1.01576324
2021-12-06,1,1.02713706,1.02767903
2021-12-07,1,1.05828951,1.04895927
2021-12-08,1,1.06504057,1.0521956
2021-12-09,1,1.04685114,1.0446397
2021-12-10,1,1.05448996,1.05461504
2021-12-13,1,1.0398289,1.0449799
2021-12-14,1,1.02797963,1.0371732
2021-12-15,1,1.05010353,1.05412939
2021-12-16,1,1.02412006,1.0449127
2021-12-17,1,1.02339483,1.03416297
2021-12-20,1,1.01066188,1.02238586
2021-12-21,1,1.03495871,1.04056177
2021-12-22,1,1.04715604,1.05115489
2021-12-23,1,1.05602613,1.05769696
2021-12-27,1,1.07072566,1.07233436
2021-12-28,1,1.064685,1.07125114
2021-12-29,1,1.06363932,1.07275292
2021-12-30,1,1.06197567,1.06954565
2021-12-31,1,1.05545941,1.06673683
2022-01-03,1,1.06813103,1.07353627
2022-01-04,1,1.05395836,1.07286035
2022-01-05,1,1.01870548,1.05205463
2022-01-06,1,1.0174028,1.05104069
2022-01-07,1,1.00762334,1.04678375
2022-01-10,1,1.00809084,1.0452753
2022-01-11,1,1.02229994,1.05485001
2022-01-12,1,1.02465707,1.05782231
2022-01-13,1,0.99891446,1.0427551
2022-01-14,1,1.00477974,1.04361014
2022-01-18,1,0.97868164,1.02442029
2022-01-19,1,0.96743953,1.01449413
2022-01-20,1,0.95487517,1.00329677
2022-01-21,0.97126203,0.92889513,0.98431959
2022-01-24,0.97593504,0.93471112,0.98704787
2022-01-25,0.92814933,0.91340356,0.97503362
2022-01-26,0.9201842,0.91359449,0.97357435
2022-01-27,0.89885603,0.90082102,0.96833253
2022-01-28,0.96796626,0.92900647,0.99190915
2022-01-31,1.04018887,0.96066758,1.0106423
2022-02-01,1.05454102,0.96782678,1.01757834
2022-02-02,1.07298582,0.97265376,1.02716649
2022-02-03,0.9879726,0.93630936,1.00211279
2022-02-04,1.01716918,0.95109657,1.00728061
2022-02-07,0.99845379,0.94554167,1.00355195
2022-02-08,1.02498386,0.95760275,1.011983
2022-02-09,1.07653997,0.97756645,1.02667417
2022-02-10,1.02502,0.95700836,1.00807522
2022-02-11,0.95576612,0.93039486,0.98895258
2022-02-14,0.9573158,0.93037932,0.98515441
2022-02-15,1.01658388,0.95391316,1.00068707
2022-02-16,1.01550983,0.95285602,1.00156888
2022-02-17,0.95044252,0.92537353,0.98036253
2022-02-18,0.92219626,0.91399591,0.97333709
2022-02-22,0.89970203,0.90275986,0.96346458
2022-02-23,0.8533435,0.87955055,0.94572516
2022-02-24,0.93930619,0.90897122,0.95987023
2022-02-25,0.9792398,0.92388262,0.9813451
2022-02-28,0.98486191,0.9277132,0.97894806
2022-03-01,0.94696028,0.91294278,0.96380031
2022-03-02,0.98634719,0.92775497,0.98176814
2022-03-03,0.95014342,0.91331251,0.97660927
2022-03-04,0.91078146,0.89816703,0.96886081
2022-03-07,0.80718391,0.86561736,0.94026183
2022-03-08,0.78276519,0.86322848,0.9334602
2022-03-09,0.89501206,0.89426154,0.9574485
2022-03-10,0.85902518,0.88578885,0.95333931
2022-03-11,0.79986344,0.86648424,0.94098256
2022-03-14,0.74545999,0.84876909,0.93399952
2022-03-15,0.84047989,0.87355509,0.95399512
2022-03-16,0.96192927,0.90647238,0.97534912
2022-03-17,0.99419514,0.91849637,0.98739255
2022-03-18,1.05989776,0.93732262,0.99890781
2022-03-21,1.05415344,0.93358652,0.99847363
2022-03-22,1.11915645,0.95182589,1.00976049
2022-03-23,1.07500293,0.93926285,0.997368
2022-03-24,1.1529042,0.95742665,1.01167416
2022-03-25,1.15603474,0.95590603,1.01679948
2022-03-28,1.2096155,0.96842723,1.02406446
2022-03-29,1.26638458,0.98628738,1.03661596
2022-03-30,1.23173983,0.97432143,1.03009181
2022-03-31,1.19037578,0.95936147,1.01396825
2022-04-01,1.18210007,0.96212614,1.01742611
2022-04-04,1.25615066,0.98041203,1.02565804
2022-04-05,1.18226442,0.95825847,1.01278427
2022-04-06,1.10707195,0.93698399,1.00294313
2022-04-07,1.11508005,0.93755604,1.00720903
2022-04-08,1.06638823,0.92498766,1.0045389
2022-04-11,0.98588091,0.90481347,0.987585
2022-04-12,0.97032207,0.90208866,0.98420998
2022-04-13,1.03897939,0.92043996,0.99520811
2022-04-14,0.96405732,0.90070632,0.98312217
2022-04-18,0.96335538,0.89944343,0.98292076
2022-04-19,1.04016146,0.91882559,0.99870411
2022-04-20,0.99049414,0.90758691,0.99808644
2022-04-21,0.92386428,0.88880381,0.98336172
2022-04-22,0.84597082,0.86617934,0.95608321
2022-04-25,0.88300011,0.87734851,0.96153091
2022-04-26,0.79407352,0.84266506,0.93446737
2022-04-27,0.79082088,0.84254291,0.93642792
2022-04-28,0.88817076,0.86835437,0.95960161
2022-04-29,0.78238624,0.83213402,0.92478294
2022-05-02,0.82591464,0.84571974,0.93003131
2022-05-03,0.82658168,0.84759119,0.93452999
2022-05-04,0.9216753,0.87465071,0.96243731
2022-05-05,0.80031023,0.83099057,0.9281267
2022-05-06,0.76952555,0.8193174,0.92286031
2022-05-09,0.67743193,0.78414141,0.89329454
2022-05-10,0.70560512,0.79186054,0.89549016
2022-05-11,0.63842205,0.76666779,0.88074752
2022-05-12,0.6323808,0.76712112,0.87960611
2022-05-13,0.71882607,0.79640284,0.90060204
2022-05-16,0.69007241,0.78680891,0.8970479
2022-05-17,0.75419685,0.8085138,0.91514102
2022-05-18,0.6510646,0.77030474,0.87817366
2022-05-19,0.6370164,0.76830443,0.87305059
2022-05-20,0.62972886,0.76601878,0.87317818
2022-05-23,0.66309915,0.77820597,0.88938004
2022-05-24,0.61909249,0.75993563,0.88215756
2022-05-25,0.64870322,0.77142394,0.89049462
2022-05-26,0.69269337,0.79206161,0.90820056
2022-05-27,0.7359748,0.8184046,0.93067149
2022-05-31,0.74113879,0.81504897,0.92483212
2022-06-01,0.73501564,0.80918441,0.91791181
2022-06-02,0.76628222,0.83093727,0.93482986
2022-06-03,0.74438588,0.810417,0.9195479
2022-06-06,0.75478061,0.81369839,0.9224329
2022-06-07,0.76759417,0.82137977,0.93121759
2022-06-08,0.76164013,0.81537818,0.92116607
2022-06-09,0.72560835,0.79297777,0.89924352
2022-06-10,0.66664437,0.76503378,0.87306627
2022-06-13,0.58603885,0.72922506,0.83921886
2022-06-14,0.58865613,0.7305149,0.83605192
2022-06-15,0.63785002,0.74878398,0.84825201
2022-06-16,0.56758796,0.71821974,0.82067368
2022-06-17,0.58905496,0.72849101,0.82247988
2022-06-21,0.63638699,0.74677017,0.84261192
2022-06-22,0.6323747,0.74567593,0.8415152
2022-06-23,0.66238079,0.75775929,0.8495367
2022-06-24,0.73964891,0.78308697,0.87550134
2022-06-27,0.73092087,0.77748278,0.87289841
2022-06-28,0.68226193,0.75434225,0.85531559
2022-06-29,0.68401792,0.75409598,0.85470682
2022-06-30,0.66279628,0.74403389,0.84722021
2022-07-01,0.67472597,0.75072012,0.85616161
2022-07-05,0.70688962,0.76383433,0.85751788
2022-07-06,0.71917007,0.76650651,0.86058193
2022-07-07,0.76115533,0.7840132,0.87346019
2022-07-08,0.76421055,0.78495499,0.87273498
2022-07-11,0.72553594,0.76723174,0.86267456
2022-07-12,0.706361,0.75995454,0.8547001
2022-07-13,0.70198815,0.75879752,0.85089079
2022-07-14,0.70888525,0.75904109,0.84833928
2022-07-15,0.7471723,0.77261667,0.86462845
2022-07-18,0.7282384,0.76638509,0.85739707
2022-07-19,0.79858831,0.79020638,0.88108548
2022-07-20,0.83532389,0.80265333,0.88628019
2022-07-21,0.87008243,0.81357967,0.89502013
2022-07-22,0.82883501,0.79836672,0.88666739
2022-07-25,0.81229528,0.79489638,0.8878335
2022-07-26,0.78166279,0.78004776,0.87758506
2022-07-27,0.85602,0.81174531,0.90053942
2022-07-28,0.8719051,0.82052699,0.91146597
2022-07-29,0.89852257,0.83591538,0.92441585
2022-08-01,0.90434961,0.83445076,0.92180615
2022-08-02,0.90279313,0.83308661,0.91566471
2022-08-03,0.93822416,0.85463437,0.92998432
2022-08-04,0.94529254,0.85817079,0.9292614
2022-08-05,0.94076074,0.85391856,0.92775066
2022-08-08,0.94641347,0.85303548,0.92660252
2022-08-09,0.93566114,0.84288023,0.92266567
2022-08-10,0.97259438,0.86722568,0.94230981
2022-08-11,0.97137329,0.86217338,0.94164504
2022-08-12,0.99121195,0.88020496,0.95795656
2022-08-15,1.00824974,0.88565999,0.96175921
2022-08-16,1.01272693,0.88393968,0.96356316
2022-08-17,1.01264171,0.87284673,0.95658909
2022-08-18,1.01991376,0.87468306,0.95876012
2022-08-19,1.00700843,0.85713453,0.94639212
2022-08-22,0.96689804,0.83530011,0.92613926
2022-08-23,0.96391179,0.83528186,0.92406669
2022-08-24,0.97089406,0.83867057,0.92676142
2022-08-25,1.00498338,0.85268532,0.93982098
2022-08-26,0.93362601,0.81911837,0.90816023
2022-08-29,0.91507984,0.81075023,0.90210611
2022-08-30,0.8918011,0.80167439,0.89215755
2022-08-31,0.87971079,0.79715844,0.88518353
2022-09-01,0.88065948,0.79506234,0.88783574
2022-09-02,0.85094815,0.78465483,0.87830349
2022-09-06,0.83425299,0.77885635,0.87470679
2022-09-07,0.87946542,0.7955191,0.8907498
2022-09-08,0.8909491,0.80025701,0.8966383
2022-09-09,0.94263903,0.81713492,0.91033127
2022-09-12,0.97159556,0.82753104,0.91996646
2022-09-13,0.85212956,0.78483765,0.88019023
2022-09-14,0.86940766,0.79064686,0.88317144
2022-09-15,0.8321368,0.77935897,0.87317594
2022-09-16,0.81824214,0.7723455,0.86690467
2022-09-19,0.83230595,0.7781891,0.87284913
2022-09-20,0.81287104,0.77077019,0.86301028
2022-09-21,0.77583943,0.75694973,0.84823857
2022-09-22,0.75065827,0.74660217,0.84108997
2022-09-23,0.71933068,0.7331851,0.82659579
2022-09-26,0.71821067,0.72879933,0.81804835
2022-09-27,0.71961899,0.73059251,0.8163138
2022-09-28,0.7414692,0.74557876,0.83237243
2022-09-29,0.71167861,0.72438656,0.81478737
2022-09-30,0.69130545,0.71346497,0.80251122
2022-10-03,0.72568249,0.72964328,0.82328333
2022-10-04,0.7667921,0.75399617,0.84846238
2022-10-05,0.76732018,0.75212269,0.84675023
2022-10-06,0.759531,0.74704068,0.83807521
2022-10-07,0.71168828,0.71864481,0.81460607
2022-10-10,0.69758296,0.71120357,0.80850266
2022-10-11,0.6767827,0.70338396,0.80323189
2022-10-12,0.67590947,0.70277067,0.80058864
2022-10-13,0.71368965,0.71842555,0.82137644
2022-10-14,0.66708528,0.69631377,0.80194048
2022-10-17,0.72126303,0.72022341,0.82317591
2022-10-18,0.73407299,0.72674039,0.83258281
2022-10-19,0.72688968,0.72054115,0.82702773
2022-10-20,0.71743128,0.71611085,0.82045211
2022-10-21,0.75953998,0.73263123,0.83991719
2022-10-24,0.77781814,0.73889793,0.84989707
2022-10-25,0.80060218,0.75552826,0.86372205
2022-10-26,0.78058183,0.74013789,0.85734111
2022-10-27,0.761172,0.72810784,0.85212624
2022-10-28,0.79937705,0.7490066,0.87311102
2022-10-31,0.79049709,0.74129557,0.8666025
2022-11-01,0.77903054,0.73473135,0.86304837
2022-11-02,0.73605324,0.71003647,0.84147044
2022-11-03,0.70922413,0.69776765,0.83256264
2022-11-04,0.73202748,0.70669368,0.84390109
2022-11-07,0.74879292,0.71271608,0.85201434
2022-11-08,0.76008254,0.71620263,0.85678382
2022-11-09,0.72633825,0.69845777,0.83898166
2022-11-10,0.84975364,0.74979593,0.88549018
2022-11-11,0.87710905,0.76390786,0.89367277
2022-11-14,0.87215629,0.75533259,0.88568711
2022-11-15,0.89531483,0.76627447,0.8934042
2022-11-16,0.87730587,0.75448528,0.88603179
2022-11-17,0.87542096,0.75187444,0.88329455
2022-11-18,0.87652499,0.75194863,0.88749778
2022-11-21,0.85784478,0.74374849,0.88405102
2022-11-22,0.88626003,0.75386125,0.89605642
2022-11-23,0.90656815,0.7613436,0.90135631
2022-11-25,0.90093406,0.75736597,0.90110119
2022-11-28,0.88372486,0.74543441,0.88718441
2022-11-29,0.87216123,0.74100075,0.88577213
2022-11-30,0.94061722,0.77366775,0.91318489
2022-12-01,0.94326672,0.77464261,0.91239258
2022-12-02,0.93969362,0.77322924,0.91130259
2022-12-05,0.91996503,0.75828213,0.89499554
2022-12-06,0.88876927,0.74309949,0.88210833
2022-12-07,0.87968167,0.73929862,0.88046552
2022-12-08,0.90019333,0.74762696,0.88708818
2022-12-09,0.88950459,0.74240667,0.88056846
2022-12-12,0.91284476,0.75179216,0.89314236
2022-12-13,0.9325821,0.75942017,0.89965307
2022-12-14,0.91946969,0.75362374,0.89420771
2022-12-15,0.85791597,0.72931275,0.87192256
2022-12-16,0.83838105,0.72222101,0.8622113
2022-12-19,0.81174216,0.71146874,0.85444492
2022-12-20,0.80933205,0.71154161,0.85533127
2022-12-21,0.83246455,0.72248817,0.86804833
2022-12-22,0.79051263,0.70675238,0.85550356
2022-12-23,0.79313237,0.70821904,0.86052374
2022-12-27,0.78521144,0.69846185,0.85703894
2022-12-28,0.77348414,0.68902103,0.84673679
2022-12-29,0.79956844,0.70688526,0.86152194
2022-12-30,0.80028494,0.70610206,0.85933303
2023-01-03,0.79812859,0.70073873,0.85589523
2023-01-04,0.80415127,0.70558119,0.8623478
2023-01-05,0.78746624,0.69522428,0.8523053
2023-01-06,0.81914798,0.71303792,0.87177262
2023-01-09,0.83102139,0.7175148,0.87110342
2023-01-10,0.84227853,0.72473198,0.87718218
2023-01-11,0.86349725,0.73748522,0.88845347
2023-01-12,0.87097273,0.74216917,0.89148834
2023-01-13,0.88068508,0.74743538,0.8950515
2023-01-17,0.89601983,0.74851143,0.8932341
2023-01-18,0.8820607,0.73919472,0.87933306
2023-01-19,0.86663536,0.73212861,0.87261641
2023-01-20,0.91447688,0.75156882,0.88912491
2023-01-23,0.96139422,0.76667925,0.89968891
2023-01-24,0.95854865,0.76464587,0.89904878
2023-01-25,0.95720301,0.76323527,0.8988854
2023-01-26,0.98040465,0.7766638,0.9087802
2023-01-27,0.99292027,0.78403751,0.91104746
2023-01-30,0.97572459,0.76866263,0.89923232
2023-01-31,0.99335519,0.78153057,0.91239931
2023-02-01,1.01671211,0.79716655,0.92193598
2023-02-02,1.04947876,0.82310614,0.93548786
2023-02-03,1.04127002,0.81002704,0.92580125
2023-02-06,1.03838042,0.80196519,0.9201164
2023-02-07,1.05977689,0.8172348,0.93196061
2023-02-08,1.04854336,0.80352153,0.92163381
2023-02-09,1.04173634,0.79536257,0.91349597
2023-02-10,1.03519825,0.79054165,0.91550133
2023-02-13,1.06458489,0.80225797,0.92598255
2023-02-14,1.07470782,0.80686978,0.92572289
2023-02-15,1.08793201,0.81432038,0.92829008
2023-02-16,1.06733406,0.799832,0.91549013
2023-02-17,1.05934199,0.79520669,0.9129566
2023-02-21,1.01310567,0.77530709,0.89465982
2023-02-22,1.01328134,0.77630356,0.89325203
2023-02-23,1.02499802,0.78192527,0.89801255
2023-02-24,1.00453032,0.76873892,0.8885497
2023-02-27,1.01471145,0.77359897,0.89128021
2023-02-28,1.01357671,0.77282716,0.88857428
2023-03-01,1.00367328,0.76769594,0.88437554
2023-03-02,1.01601379,0.77332912,0.89108104
2023-03-03,1.04543573,0.78857777,0.90546998
2023-03-06,1.05185074,0.78768257,0.90609219
2023-03-07,1.03570916,0.77787274,0.89220459
2023-03-08,1.04090786,0.78095377,0.89346688
2023-03-09,1.01561298,0.76492112,0.87697405
2023-03-10,0.98967614,0.75146492,0.8642771
2023-03-13,1.0034165,0.75483472,0.86297225
2023-03-14,1.04479486,0.77097937,0.87719115
2023-03-15,1.0543268,0.77137736,0.87106758
2023-03-16,1.09990614,0.79048499,0.88636527
2023-03-17,1.09084482,0.78463118,0.87659801
2023-03-20,1.10432621,0.78766906,0.88441586
2023-03-21,1.13455989,0.80012076,0.89589752
2023-03-22,1.10847644,0.78729261,0.88114816
2023-03-23,1.13568723,0.79521552,0.88377797
2023-03-24,1.14351767,0.79768194,0.88876231
2023-03-27,1.13448108,0.79396336,0.89022606
2023-03-28,1.12649212,0.79040402,0.88882498
2023-03-29,1.15827889,0.80458209,0.90147942
2023-03-30,1.1745181,0.81046687,0.90663162
2023-03-31,1.20241582,0.82452893,0.91972025
2023-04-03,1.20429266,0.82233907,0.92312215
2023-04-04,1.20076306,0.81808079,0.91777084
2023-04-05,1.18447402,0.80934635,0.91548341
2023-04-06,1.19692449,0.81549222,0.91876008
2023-04-10,1.20179142,0.81524938,0.91967544
2023-04-11,1.1906866,0.81170888,0.91963741
2023-04-12,1.17304919,0.8047912,0.91583481
2023-04-13,1.21461659,0.82077523,0.92798125
2023-04-14,1.21238374,0.81788782,0.92606091
2023-04-17,1.21738966,0.82019844,0.92912261
2023-04-18,1.21692023,0.8199077,0.92991722
2023-04-19,1.21637027,0.82016543,0.92983886
2023-04-20,1.19538325,0.81357624,0.92430395
2023-04-21,1.19657751,0.81444654,0.92513877
2023-04-24,1.1863404,0.81206781,0.9259266
2023-04-25,1.15389669,0.79600887,0.9112869
2023-04-26,1.16491646,0.79973212,0.90778648
2023-04-27,1.2098321,0.81915414,0.92554837
2023-04-28,1.22260864,0.82484397,0.9331871
2023-05-01,1.22235214,0.82390081,0.93282679
2023-05-02,1.20305191,0.81498961,0.92201882
2023-05-03,1.19153071,0.81126701,0.91556625
2023-05-04,1.18586914,0.80729143,0.90895702
2023-05-05,1.22481652,0.82543968,0.92574978
2023-05-08,1.22694777,0.8268908,0.92616833
2023-05-09,1.21561289,0.82167116,0.92192702
2023-05-10,1.23446698,0.83023161,0.92606091
2023-05-11,1.24237726,0.83172048,0.92448973
2023-05-12,1.2341812,0.82876764,0.92302598
2023-05-15,1.25109496,0.83419639,0.92575644
2023-05-16,1.25151409,0.83270139,0.91985226
2023-05-17,1.28065167,0.84332823,0.93079007
2023-05-18,1.32111012,0.85602949,0.93958142
2023-05-19,1.31337782,0.85394221,0.93822291
2023-05-22,1.33515238,0.85818429,0.93836837
2023-05-23,1.31269725,0.84735441,0.92783798
2023-05-24,1.30110899,0.84222115,0.9210475
2023-05-25,1.33599283,0.85665352,0.92911365
2023-05-26,1.37037292,0.87538134,0.94123773
2023-05-30,1.37470998,0.8781972,0.94125336
2023-05-31,1.37164637,0.8726558,0.9355036
2023-06-01,1.37838074,0.88383381,0.94472248
2023-06-02,1.38273423,0.89326442,0.95845347
2023-06-05,1.38273423,0.8924994,0.95653313
2023-06-06,1.38273423,0.89566951,0.95878471
2023-06-07,1.38273423,0.88409826,0.95512982
2023-06-08,1.38273423,0.89311263,0.96104077
2023-06-09,1.38273423,0.89450373,0.96214411
2023-06-12,1.38273423,0.90818393,0.97111239
2023-06-13,1.38273423,0.91569935,0.97784462
2023-06-14,1.38273423,0.91928571,0.97864589
2023-06-15,1.38273423,0.92983289,0.99056398
2023-06-16,1.38273423,0.92354195,0.986927
2023-06-20,1.38273423,0.92203885,0.9822538
2023-06-21,1.38273423,0.91090136,0.9771016
2023-06-22,1.38273423,0.91956432,0.98072743
2023-06-23,1.38273423,0.91024828,0.97321622
2023-06-26,1.38273423,0.89967415,0.96884956
2023-06-27,1.38273423,0.9145086,0.97994856
2023-06-28,1.38273423,0.91694268,0.97960158
2023-06-29,1.38273423,0.91691435,0.98398387
2023-06-30,1.38273423,0.93017693,0.99605637
2023-07-03,1.38273423,0.93212321,0.99722244
2023-07-05,1.38273423,0.9304286,0.99525958
2023-07-06,1.38273423,0.92283154,0.98737463
2023-07-07,1.38273423,0.9215956,0.9845457
2023-07-10,1.38273423,0.92326603,0.98691356
2023-07-11,1.38273423,0.9283406,0.99356754
2023-07-12,1.38273423,0.9390173,1.0009311
2023-07-13,1.38273423,0.95383292,1.00940914
2023-07-14,1.38273423,0.9521551,1.00837509
2023-07-17,1.38273423,0.96100964,1.01226277
2023-07-18,1.38273423,0.96834218,1.01946732
2023-07-19,1.38273423,0.96863766,1.02187113
2023-07-20,1.38273423,0.94875559,1.01496645
2023-07-21,1.38273423,0.94669796,1.0152954
2023-07-24,1.38273423,0.94845609,1.01939126
2023-07-25,1.38273423,0.95423697,1.02226051
2023-07-26,1.38273423,0.95307125,1.02210161
2023-07-27,1.38273423,0.94786513,1.01553495
2023-07-28,1.38273423,0.96584742,1.02556624
2023-07-31,1.38273423,0.9678281,1.02707251
2023-08-01,1.38273423,0.963638,1.02433527
2023-08-02,1.38273423,0.94269339,1.01015894
2023-08-03,1.38273423,0.94176709,1.00758508
2023-08-04,1.38273423,0.93836158,1.0022448
2023-08-07,1.38273423,0.94410676,1.01128915
2023-08-08,1.38273423,0.9366804,1.00702325
2023-08-09,1.38273423,0.92573108,0.99993509
2023-08-10,1.38273423,0.92680851,1.00018578
2023-08-11,1.38273423,0.92052495,0.99911589
2023-08-14,1.38273423,0.9302046,1.00486128
2023-08-15,1.38273423,0.91959397,0.99325422
2023-08-16,1.38273423,0.90904138,0.98574979
2023-08-17,1.38273423,0.89840243,0.97814679
2023-08-18,1.38273423,0.8966383,0.97800133
2023-08-21,1.38273423,0.91059034,0.98472919
2023-08-22,1.38273423,0.91114895,0.98199414
2023-08-23,1.38273423,0.92566434,0.99284014
2023-08-24,1.38273423,0.90832222,0.97947853
2023-08-25,1.38273423,0.9168685,0.98605863
2023-08-28,1.38273423,0.92459165,0.99223591
2023-08-29,1.38273423,0.94069038,1.00663158
2023-08-30,1.38273423,0.94578721,1.01049018
2023-08-31,1.38273423,0.94684369,1.00887649
2023-09-01,1.38273423,0.9466305,1.01069159
2023-09-05,1.38273423,0.94589789,1.00645257
2023-09-06,1.38273423,0.93588092,0.99943598
2023-09-07,1.38273423,0.9275398,0.99622653
2023-09-08,1.38273423,0.9283966,0.99764777
2023-09-11,1.38273423,0.9389451,1.00435541
2023-09-12,1.38273423,0.92921156,0.99863471
2023-09-13,1.38273423,0.9319087,0.99987465
2023-09-14,1.38273423,0.93949561,1.00830351
2023-09-15,1.38273423,0.92480754,0.99604293
2023-09-18,1.38273423,0.92493641,0.99676137
2023-09-19,1.38273423,0.92277423,0.99461732
2023-09-20,1.38273423,0.90867034,0.9852731
2023-09-21,1.38273423,0.89213178,0.9691137
2023-09-22,1.38273423,0.89131069,0.966889
2023-09-25,1.38273423,0.89532547,0.97077886
2023-09-26,1.38273423,0.8813127,0.95647488
2023-09-27,1.38273423,0.88328527,0.95669422
2023-09-28,1.38273423,0.89060035,0.96233218
2023-09-29,1.38273423,0.89181739,0.95972467
2023-10-02,1.38273423,0.89778445,0.95980084
2023-10-03,1.38273423,0.88103336,0.94660926
2023-10-04,1.38273423,0.89294331,0.95428603
2023-10-05,1.38273423,0.89185178,0.95304162
2023-10-06,1.38273423,0.9061209,0.9643017
2023-10-09,1.38273423,0.90968973,0.97038052
2023-10-10,1.38273423,0.91499231,0.97543425
2023-10-11,1.38273423,0.92152543,0.9796218
2023-10-12,1.38273423,0.91576003,0.97350266
2023-10-13,1.38273423,0.9044944,0.96861678
2023-10-16,1.38273423,0.91533911,0.97887867
2023-10-17,1.38273423,0.91302981,0.9787825
2023-10-18,1.38273423,0.89822501,0.96566699
2023-10-19,1.38273423,0.88958162,0.95747538
2023-10-20,1.38273423,0.87592908,0.94542528
2023-10-23,1.38273423,0.87825795,0.9438317
2023-10-24,1.38273423,0.88645743,0.95068939
2023-10-25,1.38273423,0.86496026,0.93705685
2023-10-26,1.38273423,0.84973993,0.92596911
2023-10-27,1.38273423,0.85293765,0.9215242
2023-10-30,1.38273423,0.86281903,0.93259172
2023-10-31,1.38273423,0.86698554,0.93863022
2023-11-01,1.38273423,0.88116829,0.94849146
2023-11-02,1.38273423,0.89686836,0.96637864
2023-11-03,1.38273423,0.90928765,0.97545655
2023-11-06,1.38273423,0.91201991,0.97716651
2023-11-07,1.38273423,0.92018836,0.97994178
2023-11-08,1.38273423,0.92090008,0.98092654
2023-11-09,1.38273423,0.91220003,0.97299689
2023-11-10,1.38273423,0.9308644,0.98819164
2023-11-13,1.38273423,0.92881554,0.98736567
2023-11-14,1.38273423,0.95085169,1.00619969
2023-11-15,1.38273423,0.95148989,1.0078066
2023-11-16,1.38273423,0.95215306,1.00900632
2023-11-17,1.38273423,0.95294983,1.01029991
2023-11-20,1.38273423,0.96367984,1.01776631
2023-11-21,1.38273423,0.95797584,1.01570948
2023-11-22,1.38273423,0.96242031,1.0198344
2023-11-24,1.38273423,0.96140764,1.02044312
2023-11-27,1.38273423,0.96074447,1.01844901
2023-11-28,1.38273423,0.96349293,1.01944721
2023-11-29,1.38273423,0.9619231,1.01848256
2023-11-30,1.38273423,0.95974602,1.02233657
2023-12-01,1.38273423,0.96506283,1.02834151
2023-12-04,1.38273423,0.95699828,1.02277972
2023-12-05,1.38273423,0.95999499,1.02219789
2023-12-06,1.38273423,0.95438204,1.01820498
2023-12-07,1.38273423,0.96742135,1.02631823
2023-12-08,1.38273423,0.97173761,1.03052151
2023-12-11,1.38273423,0.97366169,1.03456579
2023-12-12,1.38273423,0.98046941,1.03932413
2023-12-13,1.38273423,0.9939998,1.0535116
2023-12-14,1.38273423,0.99586175,1.05630031
2023-12-15,1.38273423,0.99939415,1.05621977
2023-12-18,1.38273423,1.00552585,1.0610027
2023-12-19,1.38273423,1.01216492,1.06722697
2023-12-20,1.38273423,0.99696686,1.05155553
2023-12-21,1.38273423,1.00951027,1.06238809
2023-12-22,1.38273423,1.01147342,1.06415172
2023-12-26,1.38273423,1.01697845,1.06865488
2023-12-27,1.38273423,1.01863868,1.07018354
2023-12-28,1.38273423,1.01836613,1.0705797
2023-12-29,1.38273423,1.01271338,1.06755373
2024-01-02,1.38273423,0.9961573,1.06151076
2024-01-03,1.38273423,0.98443689,1.05300136
2024-01-04,1.38273423,0.97891097,1.04939127
2024-01-05,1.38273423,0.97983997,1.05130712
2024-01-08,1.38273423,1.0014079,1.06614594
2024-01-09,1.38273423,1.00234836,1.06457028
2024-01-10,1.38273423,1.00990022,1.0706021
2024-01-11,1.38273423,1.00993665,1.06988367
2024-01-12,1.38273423,1.01010999,1.07068713
2024-01-16,1.38273423,1.00819335,1.06669203
2024-01-17,1.38273423,1.00220738,1.06070053
2024-01-18,1.38273423,1.01570206,1.07004027
2024-01-19,1.38273423,1.03292671,1.08321622
2024-01-22,1.38273423,1.03625401,1.08559315
2024-01-23,1.38273423,1.040683,1.08876457
2024-01-24,1.38273423,1.04445955,1.08964857
2024-01-25,1.38273423,1.04638766,1.09538052
2024-01-26,1.38273423,1.04266776,1.09466657
2024-01-29,1.38273423,1.05431728,1.10293871
2024-01-30,1.38273423,1.0463472,1.10227623
2024-01-31,1.38273423,1.02301232,1.08452325
2024-02-01,1.38273423,1.03634506,1.09807295
2024-02-02,1.38273423,1.05437868,1.10980525
2024-02-05,1.38273423,1.05226908,1.10626904
2024-02-06,1.38273423,1.05303278,1.10882497
2024-02-07,1.38273423,1.06299302,1.11796331
2024-02-08,1.38273423,1.0654939,1.1186012
2024-02-09,1.38273423,1.07878079,1.12502459
2024-02-12,1.38273423,1.07553511,1.12395699
2024-02-13,1.38273423,1.05617654,1.10858772
2024-02-14,1.38273423,1.06990872,1.11920773
2024-02-15,1.38273423,1.07308081,1.12572291
2024-02-16,1.38273423,1.06427554,1.12031554
2024-02-20,1.38273423,1.05450215,1.11358768
2024-02-21,1.38273423,1.05113505,1.11499548
2024-02-22,1.38273423,1.08221871,1.1385474
2024-02-23,1.38273423,1.07919637,1.13894356
2024-02-26,1.38273423,1.07780863,1.13463066
2024-02-27,1.38273423,1.08179232,1.13656674
2024-02-28,1.38273423,1.07588527,1.13468213
2024-02-29,1.38273423,1.08561209,1.14061549
2024-03-01,1.38273423,1.09795924,1.14974935
2024-03-04,1.38273423,1.09341015,1.14837739
2024-03-05,1.38273423,1.07533542,1.13667187
2024-03-06,1.38273423,1.08153867,1.14251561
2024-03-07,1.38273423,1.09785396,1.15428824
2024-03-08,1.38273423,1.0851527,1.14675245
2024-03-11,1.38273423,1.08071087,1.14546552
2024-03-12,1.38273423,1.09733178,1.15829678
2024-03-13,1.38273423,1.09140378,1.1560676
2024-03-14,1.38273423,1.08808194,1.15274843
2024-03-15,1.38273423,1.07760084,1.14527526
2024-03-18,1.38273423,1.08638996,1.15251117
2024-03-19,1.38273423,1.09066307,1.15902188
2024-03-20,1.38273423,1.10433247,1.16934201
2024-03-21,1.38273423,1.10652028,1.17312663
2024-03-22,1.38273423,1.10834047,1.17148169
2024-03-25,1.38273423,1.1053485,1.16790285
2024-03-26,1.38273423,1.10070902,1.16463296
2024-03-27,1.38273423,1.10636374,1.17468448
2024-03-28,1.38273423,1.10501046,1.17599599
2024-04-01,1.38273423,1.1061823,1.17362803
2024-04-02,1.38273423,1.09563242,1.16513206
2024-04-03,1.38273423,1.09812921,1.16640336
2024-04-04,1.38273423,1.08272198,1.15201655
2024-04-05,1.38273423,1.0961768,1.16480301
2024-04-08,1.38273423,1.09654383,1.16436664
2024-04-09,1.38273423,1.10009777,1.16604972
2024-04-10,1.38273423,1.09090393,1.15502241
2024-04-11,1.38273423,1.10924305,1.16362132
2024-04-12,1.38273423,1.091223,1.14668983
2024-04-15,1.38273423,1.07165393,1.13290506
2024-04-16,1.38273423,1.07032022,1.13057524
2024-04-17,1.38273423,1.05805002,1.12403983
2024-04-18,1.38273423,1.05252681,1.12155777
2024-04-19,1.38273423,1.03097298,1.11173455
2024-04-22,1.38273423,1.04239448,1.12144138
2024-04-23,1.38273423,1.05894523,1.13485895
2024-04-24,1.38273423,1.06003208,1.13510069
2024-04-25,1.38273423,1.05321896,1.12990598
2024-04-26,1.38273423,1.07454681,1.14144135
2024-04-29,1.38273423,1.07826941,1.14506936
2024-04-30,1.38273423,1.05632635,1.12705684
2024-05-01,1.38273423,1.05279534,1.1231849
2024-05-02,1.38273423,1.06868154,1.13343782
2024-05-03,1.38273423,1.08995741,1.14767011
2024-05-06,1.38273423,1.1029724,1.15952109
2024-05-07,1.38273423,1.10184641,1.16107883
2024-05-08,1.38273423,1.09983602,1.16107205
2024-05-09,1.38273423,1.10277067,1.16698301
2024-05-10,1.38273423,1.10240707,1.16890783
2024-05-13,1.38273423,1.1056028,1.16862577
2024-05-14,1.38273423,1.11389669,1.17427936
2024-05-15,1.38273423,1.12949492,1.18803713
2024-05-16,1.38273423,1.12652179,1.18556403
2024-05-17,1.38273423,1.12568865,1.18694495
2024-05-20,1.38273423,1.13303528,1.18803265
2024-05-21,1.38273423,1.13558202,1.19100496
2024-05-22,1.38273423,1.13348526,1.18778195
2024-05-23,1.38273423,1.12906576,1.17901518
2024-05-24,1.38273423,1.14153024,1.18726952
2024-05-28,1.38273423,1.14821529,1.18756491
2024-05-29,1.38273423,1.14151614,1.17881607
2024-05-30,1.38273423,1.12913665,1.1717726
2024-05-31,1.38273423,1.12899764,1.18117945
2024-06-03,1.38273423,1.13531559,1.18249774
2024-06-04,1.38273423,1.13723025,1.18427481
2024-06-05,1.38273423,1.15955042,1.19830568
2024-06-06,1.38273423,1.15855323,1.19806624
2024-06-07,1.38273423,1.15585549,1.19673013
2024-06-10,1.38273423,1.1598627,1.19981872
2024-06-11,1.38273423,1.17005109,1.20307069
2024-06-12,1.38273423,1.18792132,1.21330121
2024-06-13,1.38273423,1.19190982,1.21614598
2024-06-14,1.38273423,1.19334816,1.21566699
2024-06-17,1.38273423,1.20469133,1.22498433
2024-06-18,1.38273423,1.20504287,1.22807292
2024-06-20,1.38273423,1.19555481,1.22497089
2024-06-21,1.38273423,1.19338044,1.22305732
2024-06-24,1.38273423,1.18039114,1.21930844
2024-06-25,1.38273423,1.19528904,1.2241047
2024-06-26,1.38273423,1.20119273,1.22602952
2024-06-27,1.38273423,1.20480333,1.22714192
2024-06-28,1.38273423,1.19629756,1.2221307
2024-07-01,1.38273423,1.20619449,1.22540059
2024-07-02,1.38273423,1.21627747,1.23299234
2024-07-03,1.38273423,1.22704061,1.23926142
2024-07-05,1.38273423,1.23813554,1.24601386
2024-07-08,1.38273423,1.24157484,1.24728068
2024-07-09,1.38273423,1.24329845,1.24820501
2024-07-10,1.38273423,1.25801623,1.26094677
2024-07-11,1.38273423,1.23345699,1.24989705
2024-07-12,1.38273423,1.24121789,1.25679277
2024-07-15,1.38273423,1.24621834,1.26034472
2024-07-16,1.38273423,1.24869893,1.26839754
2024-07-17,1.38273423,1.21412945,1.25073188
2024-07-18,1.38273423,1.20564938,1.24095565
2024-07-19,1.38273423,1.19591571,1.2320949
2024-07-22,1.38273423,1.21484796,1.24539171
2024-07-23,1.38273423,1.21415844,1.24345126
2024-07-24,1.38273423,1.16997414,1.21466649
2024-07-25,1.38273423,1.15913352,1.20841992
2024-07-26,1.38273423,1.17101784,1.22182187
2024-07-29,1.38273423,1.17184888,1.22281559
2024-07-30,1.38273423,1.15681948,1.21675021
2024-07-31,1.38273423,1.18731152,1.23596683
2024-08-01,1.38273423,1.15997207,1.21904212
2024-08-02,1.38273423,1.13177312,1.19663385
2024-08-05,1.38273423,1.09290892,1.16077218
2024-08-06,1.39608874,1.10415972,1.17279091
2024-08-07,1.36634397,1.09262082,1.16371979
2024-08-08,1.45505788,1.1239379,1.19053493
2024-08-09,1.46876742,1.12969124,1.19609672
2024-08-12,1.47627456,1.13207327,1.1961482
2024-08-13,1.54308395,1.15953079,1.2163004
2024-08-14,1.54450532,1.15986745,1.2209512
2024-08-15,1.60051268,1.18698092,1.24064911
2024-08-16,1.60392728,1.18949195,1.24311773
2024-08-19,1.63003463,1.20602372,1.25520367
2024-08-20,1.62951212,1.2019874,1.25271265
2024-08-21,1.63684894,1.20887207,1.25802375
2024-08-22,1.61632939,1.18865736,1.24678606
2024-08-23,1.63589338,1.2060925,1.26110337
2024-08-26,1.6255829,1.19583678,1.2571262
2024-08-27,1.63386598,1.19779664,1.25913156
2024-08-28,1.61313972,1.18438557,1.25160702
2024-08-29,1.60955043,1.18171405,1.25155774
2024-08-30,1.64072547,1.19501708,1.26418977
2024-09-03,1.56372096,1.15606935,1.2374508
2024-09-04,1.55430947,1.15256126,1.23546773
2024-09-05,1.55718471,1.15548642,1.23173907
2024-09-06,1.47614976,1.12601648,1.21047894
2024-09-09,1.51633444,1.13908879,1.22449638
2024-09-10,1.54613674,1.14862007,1.22997315
2024-09-11,1.61716852,1.17355773,1.24309084
2024-09-12,1.64817742,1.18530647,1.25240818
2024-09-13,1.66284532,1.19301756,1.25918085
2024-09-16,1.65028479,1.18682109,1.26076317
2024-09-17,1.65051448,1.18924503,1.26109671
2024-09-18,1.6366374,1.18555076,1.25744399
2024-09-19,1.72168881,1.21528041,1.27879144
2024-09-20,1.71554589,1.21085077,1.27630927
2024-09-23,1.72517372,1.21260138,1.27989477
2024-09-24,1.74217119,1.21936457,1.28310881
2024-09-25,1.74645313,1.21988345,1.28072063
2024-09-26,1.77104216,1.22717475,1.28589304
2024-09-27,1.75448318,1.22240515,1.28428154
2024-09-30,1.7674658,1.22709925,1.28972247
2024-10-01,1.71685513,1.2082898,1.27769696
2024-10-02,1.72163072,1.20928554,1.27787378
2024-10-03,1.71616095,1.20883768,1.27572514
2024-10-04,1.76130601,1.22363702,1.28716872
2024-10-07,1.72084271,1.20920332,1.27482989
2024-10-08,1.77392887,1.2266776,1.28718216
2024-10-09,1.80240927,1.2340108,1.29633842
2024-10-10,1.79867372,1.23336529,1.29365484
2024-10-11,1.80449072,1.23747303,1.30148384
2024-10-14,1.83621051,1.24825027,1.31151524
2024-10-15,1.78721685,1.23562794,1.30153531
2024-10-16,1.78728611,1.23910163,1.30762538
2024-10-17,1.78991067,1.23954212,1.30740157
2024-10-18,1.8137615,1.2473639,1.31259398
2024-10-21,1.82109565,1.25076802,1.31020143
2024-10-22,1.82401794,1.25345034,1.30957927
2024-10-23,1.7653802,1.23300096,1.29754251
2024-10-24,1.79659716,1.24236754,1.30032674
2024-10-25,1.81679722,1.24932428,1.29993736
2024-10-28,1.81451958,1.25260165,1.30338407
2024-10-29,1.85357297,1.26242163,1.3054879
2024-10-30,1.82215859,1.25535011,1.30117948
2024-10-31,1.72385181,1.22075639,1.27695841
2024-11-01,1.75092422,1.230523,1.28218438
2024-11-04,1.73634411,1.2264793,1.27857877
2024-11-05,1.78452543,1.24396504,1.29426136
2024-11-06,1.8902588,1.2806853,1.3270009
2024-11-07,1.94716435,1.29997912,1.33686215
2024-11-08,1.95213631,1.30114747,1.34188452
2024-11-11,1.95254158,1.30195571,1.34318489
2024-11-12,1.94515198,1.30078459,1.33929952
2024-11-13,1.94121395,1.29736558,1.33961054
2024-11-14,1.91436391,1.28906286,1.33150625
2024-11-15,1.82436693,1.26022024,1.31392572
2024-11-18,1.85191515,1.2677553,1.31907344
2024-11-19,1.87943779,1.28095516,1.3243017
2024-11-20,1.87670502,1.27951616,1.32433077
2024-11-21,1.89108318,1.27993978,1.3314033
2024-11-22,1.89769956,1.28204669,1.33602056
2024-11-25,1.9045405,1.28550009,1.34005598
2024-11-26,1.9269487,1.29355931,1.34772379
2024-11-27,1.89431184,1.28588063,1.34260077
2024-11-29,1.93132689,1.29651886,1.35012979
2024-12-02,1.97821757,1.30905212,1.35343552
2024-12-03,1.99142855,1.31424415,1.35404653
2024-12-04,2.04637619,1.3313939,1.36224043
2024-12-05,2.03409766,1.32904217,1.35969334
2024-12-06,2.07324545,1.33980321,1.3630864
2024-12-09,2.03976557,1.33149984,1.3547113
2024-12-10,2.02500157,1.32816384,1.3506961
2024-12-11,2.10306471,1.35161744,1.36172559
2024-12-12,2.07513287,1.34270887,1.35435318
2024-12-13,2.10829329,1.34431995,1.35431733
2024-12-16,2.172634,1.36099482,1.35946286
2024-12-17,2.15375668,1.35662118,1.35420991
2024-12-18,1.9965111,1.3082925,1.3142704
2024-12-19,1.97669428,1.30694864,1.31313341
2024-12-20,2.0136296,1.32042981,1.32740602
2024-12-23,2.05580188,1.33340172,1.33707919
2024-12-24,2.11756948,1.35136379,1.35184423
2024-12-26,2.11384821,1.35063711,1.35129585
2024-12-27,2.05299714,1.33051082,1.33635628
2024-12-30,1.99236971,1.31464076,1.3220546
2024-12-31,1.95466224,1.30276724,1.31638986
2025-01-02,1.94358402,1.30074335,1.31346236
2025-01-03,2.01517088,1.32374091,1.33000676
2025-01-06,2.06461262,1.34015476,1.3373724
2025-01-07,1.99060929,1.31483577,1.32252233
2025-01-08,1.98972035,1.31410725,1.32458594
2025-01-10,1.92379906,1.29270456,1.3041719
2025-01-13,1.90917503,1.2877439,1.30622655
2025-01-14,1.9047948,1.28479516,1.30772385
2025-01-15,2.00409907,1.31628966,1.33167192
2025-01-16,1.97372138,1.30462248,1.32885851
2025-01-17,2.04732995,1.32431567,1.34213522
2025-01-21,2.07226737,1.33285516,1.35390336
2025-01-22,2.12862297,1.3498937,1.36221354
2025-01-23,2.13837919,1.35288501,1.36945165
2025-01-24,2.11264978,1.34618059,1.36554168
2025-01-27,1.98228262,1.30486137,1.34563111
2025-01-28,2.04803151,1.33129073,1.35803496
2025-01-29,2.03887406,1.32445876,1.35168085
2025-01-30,2.05727416,1.32779345,1.35881153
2025-01-31,2.04993319,1.32412948,1.35195385
2025-02-03,2.01066726,1.30824335,1.34166737
2025-02-04,2.06309559,1.32592266,1.35136076
2025-02-05,2.08178955,1.32850721,1.35664279
2025-02-06,2.10383623,1.3352306,1.3615868
2025-02-07,2.05187095,1.31711068,1.34869969
2025-02-10,2.1037774,1.32998732,1.3577529
2025-02-11,2.09411187,1.32523722,1.35821397
2025-02-12,2.09669918,1.32564806,1.35451437
2025-02-13,2.15848057,1.34559635,1.36863693
2025-02-14,2.17607171,1.35106956,1.36853847
2025-02-18,2.18876726,1.35204712,1.37188453
2025-02-19,2.19076422,1.35305841,1.37514546
2025-02-20,2.17247205,1.34672425,1.36918532
2025-02-21,2.07984585,1.31715179,1.34582137
2025-02-24,2.02599271,1.30115761,1.33913384
2025-02-25,1.96646497,1.28358082,1.33286705
2025-02-26,1.97656349,1.28687769,1.33304836
2025-02-27,1.85856313,1.25106554,1.31190014
2025-02-28,1.92552658,1.2714974,1.33269919
2025-03-03,1.83290211,1.23796214,1.30924803
2025-03-04,1.8197019,1.23357505,1.29322961
2025-03-05,1.87257177,1.2516262,1.30766112
2025-03-06,1.76576267,1.21900973,1.2843599
2025-03-07,1.7925726,1.22757492,1.29145036
2025-03-10,1.65354607,1.17846844,1.25661595
2025-03-11,1.63937862,1.17629473,1.24710605
2025-03-12,1.69530346,1.19062051,1.25320049
2025-03-13,1.60551706,1.16731607,1.23579231
2025-03-14,1.73003745,1.19774736,1.2620725
2025-03-17,1.7631275,1.20142885,1.27017012
2025-03-18,1.67572428,1.18088354,1.25663835
2025-03-19,1.74491059,1.19752468,1.27020816
2025-03-20,1.72622225,1.19353368,1.26743289
2025-03-21,1.74335374,1.19976862,1.26847808
2025-03-24,1.86219464,1.22706011,1.29086164
2025-03-25,1.8933765,1.23267774,1.29289389
2025-03-26,1.79497091,1.20752478,1.27846916
2025-03-27,1.76375253,1.20111644,1.27424128
2025-03-28,1.62753417,1.16866401,1.2490913
2025-03-31,1.62476486,1.16706506,1.25600942
2025-04-01,1.66642552,1.17722512,1.26075869
2025-04-02,1.70474689,1.18742286,1.26924132
2025-04-03,1.45279499,1.11655674,1.20781558
2025-04-04,1.21299182,1.05160189,1.13564908
2025-04-07,1.21874333,1.05264553,1.13300134
2025-04-08,1.15736142,1.03002177,1.11521263
2025-04-09,1.60334692,1.15530498,1.22132943
2025-04-10,1.50399013,1.10554008,1.17906218
2025-04-11,1.55906732,1.12828532,1.20039388
2025-04-14,1.58320111,1.1355052,1.20993067
2025-04-15,1.58722519,1.13494454,1.20784017
2025-04-16,1.50408077,1.10013288,1.18077444
2025-04-17,1.50535247,1.09873572,1.18234114
2025-04-21,1.42806536,1.07070141,1.15447632
2025-04-22,1.52485885,1.09967817,1.18347354
2025-04-23,1.59996459,1.12717824,1.20319155
2025-04-24,1.68147958,1.15807559,1.22756715
2025-04-25,1.7083792,1.17270838,1.23661816
2025-04-28,1.72135025,1.17157442,1.23741047
2025-04-29,1.73793086,1.1779962,1.24459044
2025-04-30,1.74138616,1.17698557,1.24643242
2025-05-01,1.76367536,1.19482286,1.25428383
2025-05-02,1.77716217,1.21283487,1.27275513
2025-05-05,1.7787245,1.20382919,1.26463292
2025-05-06,1.75485088,1.19340073,1.2549038
2025-05-07,1.76324466,1.19667269,1.26035805
2025-05-08,1.81236495,1.20948938,1.26766785
2025-05-09,1.81000191,1.20954196,1.26676593
2025-05-12,1.99049514,1.2621241,1.30801028
2025-05-13,2.05020306,1.28248112,1.317491
2025-05-14,2.07455167,1.29170473,1.31884066
2025-05-15,2.08226146,1.28937791,1.32429055
2025-05-16,2.10067216,1.29604187,1.33356757
2025-05-19,2.11642825,1.2963361,1.33473592
2025-05-20,2.10995029,1.29142816,1.32955684
2025-05-21,2.06353844,1.27320836,1.30810427
2025-05-22,2.07504209,1.27679062,1.30752233
2025-05-23,2.04120972,1.26407184,1.29875108
2025-05-27,2.15793712,1.2952364,1.3253223
2025-05-28,2.14685834,1.28861012,1.31793863
2025-05-29,2.16074865,1.29366512,1.32322514
2025-05-30,2.16081416,1.28947568,1.32311771
2025-06-02,2.2180958,1.29816762,1.3285452
2025-06-03,2.26131342,1.3087156,1.33625115
2025-06-04,2.28668297,1.31286656,1.33634961
2025-06-05,2.26279085,1.30193476,1.32929718
2025-06-06,2.32563434,1.31755248,1.34296326
2025-06-09,2.34486465,1.32168737,1.34419872
2025-06-10,2.38218044,1.33003594,1.35156895
2025-06-11,2.3660526,1.32334971,1.34786039
2025-06-12,2.38063776,1.32649412,1.35301248
2025-06-13,2.31318766,1.30924647,1.33772834
2025-06-16,2.39557836,1.32910634,1.35029317
2025-06-17,2.34190332,1.3169548,1.33901527
2025-06-18,2.34212966,1.3186535,1.33860119
2025-06-20,2.31971604,1.31198414,1.33568484
2025-06-23,2.38452189,1.32436771,1.3485161
2025-06-24,2.4782177,1.34336255,1.36351392
2025-06-25,2.49565763,1.34747926,1.36350944
2025-06-26,2.5537219,1.36059136,1.37444495
2025-06-27,2.57671621,1.36771215,1.38161813
2025-06-30,2.62612216,1.3742068,1.3887534
2025-07-01,2.57462817,1.36295125,1.38720004
2025-07-02,2.62194004,1.37578546,1.39378244
2025-07-03,2.68918755,1.3898157,1.40540512
2025-07-07,2.65721193,1.37709348,1.39435541
2025-07-08,2.65983577,1.37749431,1.39335721
2025-07-09,2.68989031,1.39050653,1.40180389
2025-07-10,2.68569937,1.39180994,1.40565353
2025-07-11,2.67824748,1.38876527,1.40101835
2025-07-14,2.69604954,1.39246231,1.40299017
2025-07-15,2.69954296,1.3949902,1.39743952
2025-07-16,2.70486876,1.3985448,1.40190246
2025-07-17,2.73877218,1.4090124,1.40943596
2025-07-18,2.73646232,1.40968703,1.40930842
2025-07-21,2.75971714,1.41498486,1.41128024
2025-07-22,2.73957847,1.40948727,1.41217997
2025-07-23,2.75997973,1.41807737,1.42321176
2025-07-24,2.76994339,1.42063701,1.42420548
2025-07-25,2.78174386,1.42403442,1.42986574
2025-07-28,2.79594749,1.42877436,1.43011863
2025-07-29,2.78992937,1.42335768,1.42588627
2025-07-30,2.79696662,1.42547473,1.42410472
2025-07-31,2.77330941,1.4249876,1.41884291
2025-08-01,2.6806955,1.3931235,1.39615259
2025-08-04,2.76476157,1.42034147,1.41672783
2025-08-05,2.72924478,1.41109703,1.40984556
2025-08-06,2.75692702,1.42815639,1.42011192
2025-08-07,2.76244172,1.43310005,1.41897941
2025-08-08,2.78430414,1.44708653,1.43004704
2025-08-11,2.77969003,1.44272712,1.42646602
2025-08-12,2.80464856,1.46272995,1.4426499
2025-08-13,2.80631579,1.46483752,1.44730978
2025-08-14,2.80539078,1.46467084,1.44774844
2025-08-15,2.79589677,1.45875503,1.44355412
2025-08-18,2.7966702,1.45921304,1.44340866
2025-08-19,2.76647144,1.43797426,1.43495303
2025-08-20,2.75354772,1.42838843,1.43146369
2025-08-21,2.74302376,1.42349405,1.42573185
2025-08-22,2.77799165,1.45022489,1.44738365
2025-08-25,2.7719124,1.44703725,1.44120856
2025-08-26,2.78071554,1.45344494,1.4471665
2025-08-27,2.7841739,1.45653955,1.45062666
2025-08-28,2.79876594,1.46429913,1.45520588
2025-08-29,2.77156605,1.44745969,1.4458952
2025-09-02,2.75056829,1.43559157,1.43588631
2025-09-03,2.76894144,1.45030526,1.44320944
2025-09-04,2.79022376,1.46446977,1.45525517
2025-09-05,2.79131548,1.46397736,1.45064906
2025-09-08,2.802243,1.47060957,1.4537041
2025-09-09,2.80868313,1.47605999,1.45761188
2025-09-10,2.80866624,1.47650325,1.46196062
2025-09-11,2.82125679,1.48709562,1.47436666
2025-09-12,2.82125679,1.49370899,1.47365489
2025-09-15,2.82125679,1.50771775,1.48059082
2025-09-16,2.82125679,1.50672003,1.47868392
2025-09-17,2.82125679,1.50182012,1.47724935
2025-09-18,2.82125679,1.51594628,1.48432407
2025-09-19,2.82125679,1.52679164,1.49157562
2025-09-22,2.82125679,1.5374171,1.49815354
2025-09-23,2.82125679,1.52287812,1.48991046
2025-09-24,2.82125679,1.51777714,1.48566925
2025-09-25,2.82125679,1.510143,1.47822744
2025-09-26,2.82125679,1.51684689,1.4869517
2025-09-29,2.82125679,1.52407085,1.49087063
2025-09-30,2.82125679,1.52871632,1.49696955
2025-10-01,2.82125679,1.53513547,1.50205913
2025-10-02,2.82125679,1.54113231,1.50298794
2025-10-03,2.82125679,1.53684564,1.5030864
2025-10-06,2.82125679,1.54771801,1.50856754
2025-10-07,2.82125679,1.53737519,1.50281778
2025-10-08,2.82125679,1.55457976,1.5115757
2025-10-09,2.82125679,1.55331482,1.50741044
2025-10-10,2.82125679,1.49798144,1.46654202
2025-10-13,2.82125679,1.53105052,1.48941813
2025-10-14,2.82125679,1.51938545,1.4870882
2025-10-15,2.82125679,1.5293957,1.49307521
2025-10-16,2.82125679,1.52214064,1.48367722
2025-10-17,2.82125679,1.53006295,1.49149726
2025-10-20,2.82125679,1.55101488,1.50741492
2025-10-21,2.82125679,1.54852757,1.50746421
2025-10-22,2.82125679,1.53413973,1.49941806
2025-10-23,2.82125679,1.54772684,1.50815576
2025-10-24,2.82125679,1.56547427,1.52007385
2025-10-27,2.82125679,1.59465829,1.53875563
2025-10-28,2.82125679,1.60747827,1.54227622
2025-10-29,2.82125679,1.61631463,1.54220901
2025-10-30,2.82125679,1.59085874,1.52693372
2025-10-31,2.82125679,1.60056131,1.53093111
2025-11-03,2.82125679,1.60796606,1.5335654
2025-11-04,2.82125679,1.57517355,1.51556621
2025-11-05,2.82125679,1.58537129,1.52110341
2025-11-06,2.82125679,1.5552955,1.50410023
2025-11-07,2.82125679,1.55195936,1.50599817
2025-11-10,2.82125679,1.5872177,1.52919207
2025-11-11,2.82125679,1.5832462,1.53236568
2025-11-12,2.82125679,1.57907429,1.53333033
2025-11-13,2.82125679,1.54290718,1.5079432
2025-11-14,2.82125679,1.54494662,1.50718663
2025-11-17,2.82125679,1.53195864,1.49337739
2025-11-18,2.82125679,1.51339138,1.48104741
2025-11-19,2.82125679,1.52225475,1.48660702
2025-11-20,2.82125679,1.48945552,1.46346458
2025-11-21,2.82125679,1.50261281,1.47784025
2025-11-24,2.82125679,1.54301852,1.50069833
2025-11-25,2.82125679,1.55337952,1.5142972
2025-11-26,2.82125679,1.56613678,1.52475601
2025-11-28,2.82125679,1.57632372,1.53292073
2025-12-01,2.82125679,1.57026758,1.52476049
2025-12-02,2.82125679,1.57956063,1.52850719
2025-12-03,2.82125679,1.58228749,1.53306182
2025-12-04,2.82125679,1.58573154,1.53471802
2025-12-05,2.82125679,1.59065569,1.53769022
2025-12-08,2.82125679,1.58848132,1.53234328
2025-12-09,2.82125679,1.59054501,1.5310004
2025-12-10,2.82125679,1.59578421,1.54133397
2025-12-11,2.82125679,1.59171679,1.54453894
2025-12-12,2.82125679,1.56481993,1.52806852
2025-12-15,2.82125679,1.55552622,1.52562886
2025-12-16,2.82125679,1.55917265,1.52199189
2025-12-17,2.82125679,1.53096356,1.50434874
2025-12-18,2.82125679,1.55208217,1.51628464
2025-12-19,2.82125679,1.57240611,1.52965533
2025-12-22,2.82125679,1.58058339,1.53950095
2025-12-23,2.82125679,1.58955665,1.54650628
2025-12-24,2.82125679,1.59302902,1.55148832
2025-12-26,2.82125679,1.59166553,1.5510161
2025-12-29,2.82125679,1.58365428,1.54559987
2025-12-30,2.82125679,1.57992562,1.54347364
2025-12-31,2.82125679,1.56797858,1.53211728
2026-01-02,2.82125679,1.56754955,1.53502019
2026-01-05,2.82125679,1.57835644,1.5447739
2026-01-06,2.82125679,1.58856697,1.55434642
2026-01-07,2.82125679,1.59107048,1.54899959
2026-01-08,2.82125679,1.58403679,1.54911816
2026-01-09,2.82125679,1.59694452,1.55914946
2026-01-12,2.82125679,1.6011644,1.56160923
2026-01-13,2.82125679,1.59954317,1.55858107
2026-01-14,2.82125679,1.5834789,1.5502686
2026-01-15,2.82125679,1.58740995,1.55426818
2026-01-16,2.82125679,1.58642303,1.55326987
2026-01-20,2.82125679,1.54857145,1.52123095
2026-01-21,2.82125679,1.56682024,1.53885858
2026-01-22,2.82125679,1.58106841,1.54730307
2026-01-23,2.82125679,1.5854684,1.54780883
2026-01-26,2.82125679,1.59222276,1.55555729
2026-01-27,2.82125679,1.60677728,1.56190692
2026-01-28,2.82125679,1.6094994,1.56177927
2026-01-29,2.82125679,1.59787346,1.55976047
2026-01-30,2.82125679,1.58280901,1.55305053
2026-02-02,2.82125679,1.59159873,1.56142344
2026-02-03,2.82125679,1.56886904,1.54830127
2026-02-04,2.82125679,1.54521581,1.54044768
2026-02-05,2.82125679,1.52065987,1.52157563
2026-02-06,2.82125679,1.55375873,1.55154427
2026-02-09,2.82125679,1.56775458,1.5588227
2026-02-10,2.82125679,1.55856614,1.5536728
2026-02-11,2.82125679,1.55613747,1.55359674
2026-02-12,2.82125679,1.52447563,1.52926584
2026-02-13,2.82125679,1.52107006,1.53002908
2026-02-17,2.82125679,1.52320938,1.53160703
2026-02-18,2.82125679,1.5350323,1.54013206
2026-02-19,2.82125679,1.53024913,1.53578562
2026-02-20,2.82125679,1.54396709,1.54644355
2026-02-23,2.82125679,1.52650756,1.53038272
2026-02-24,2.82125679,1.54245654,1.54209262
2026-02-25,2.82125679,1.56191295,1.55463963
2026-02-26,2.82125679,1.54344833,1.54629809
2026-02-27,2.82125679,1.5292696,1.53958816
2026-03-02,2.82125679,1.5347104,1.54020146
2026-03-03,2.82125679,1.51904748,1.52565575
2026-03-04,2.82125679,1.53866516,1.53748881
2026-03-05,2.82125679,1.53471923,1.52880706
2026-03-06,2.82125679,1.51034407,1.5085094
2026-03-09,2.82125679,1.53114091,1.52103631
2026-03-10,2.82125679,1.53121852,1.51778872
2026-03-11,2.82125679,1.53250243,1.51651741
2026-03-12,2.82125679,1.50523716,1.49342438
2026-03-13,2.82125679,1.49129784,1.48437555
2026-03-16,2.82125679,1.50943332,1.49941358
2026-03-17,2.82125679,1.51654054,1.5031535
2026-03-18,2.82125679,1.4944727,1.48269924
2026-03-19,2.82125679,1.49030816,1.4786236
2026-03-20,2.82125679,1.46041657,1.45623992
2026-03-23,2.82125679,1.48059821,1.47291853
2026-03-24,2.82125679,1.46812635,1.46740602
2026-03-25,2.82125679,1.47945542,1.47535808
2026-03-26,2.82125679,1.44425716,1.44967774
2026-03-27,2.78847312,1.41324294,1.42543646
2026-03-30,2.77565793,1.40287259,1.41981204
2026-03-31,2.88716407,1.45657262,1.46117279
2026-04-01,2.92713403,1.47345989,1.47164723
2026-04-02,2.9319151,1.47603904,1.47329676
2026-04-06,2.95711176,1.48394304,1.47981873
2026-04-07,2.93966637,1.48539416,1.48094228
2026-04-08,3.00445512,1.52702842,1.51808641
2026-04-09,3.02404572,1.53967303,1.52745303
2026-04-10,3.02811593,1.54510184,1.525714
2026-04-13,2.98252493,1.56404884,1.5412355
2026-04-14,3.00756708,1.59476752,1.55939568
2026-04-15,3.0238288,1.62019705,1.57183308
2026-04-16,3.02895584,1.62604474,1.57593549
2026-04-17,3.03307123,1.65072151,1.59491049
2026-04-20,3.03318278,1.6463978,1.59112358
2026-04-21,3.03684789,1.63665412,1.58102278
2026-04-22,3.02471593,1.66347811,1.59756041
2026-04-23,3.02589085,1.64869893,1.5909579
2026-04-24,3.00942251,1.67555599,1.60364371
2026-04-27,3.00360994,1.67896289,1.60562
2026-04-28,2.97987483,1.66389844,1.59776182
2026-04-29,2.99436793,1.66453525,1.59712404
2026-04-30,3.04593198,1.67931443,1.61347578
2026-05-01,3.09916464,1.69429995,1.61820056
2026-05-04,3.08913733,1.69115356,1.61162713
2026-05-05,3.16091057,1.70858133,1.62471357
2026-05-06,3.27286869,1.74317703,1.64841542
2026-05-07,3.26777374,1.74096827,1.64214634
2026-05-08,3.38253613,1.77071149,1.65598258
2026-05-11,3.4027932,1.77253642,1.65909576
2026-05-12,3.36690371,1.75999288,1.65643688
2026-05-13,3.41330052,1.78118581,1.66612578
2026-05-14,3.44563326,1.79689669,1.67888098
2026-05-15,3.38139729,1.76923139,1.65812444
2026-05-18,3.36666095,1.76016365,1.65690461
2026-05-19,3.33452872,1.74532043,1.64583927
2026-05-20,3.42664921,1.77228199,1.66360121
2026-05-21,3.43963548,1.77381612,1.66645484
2026-05-22,3.46358558,1.77724804,1.67266567
2026-05-26,3.56419407,1.79831065,1.68288275
2026-05-27,3.57618878,1.79956215,1.68316022
2026-05-28,3.61427326,1.81593818,1.69284465
2026-05-29,3.62828387,1.81965867,1.69652195
2026-06-01,3.66876119,1.82736238,1.70097582
2026-06-02,3.69954148,1.82784068,1.70317363
2026-06-03,3.68254148,1.81165492,1.69061777
2026-06-04,3.65038375,1.81010195,1.69747316
2026-06-05,3.33495756,1.73443989,1.65258286
2026-06-08,3.4351827,1.74929734,1.65750447
2026-06-09,3.35941012,1.73237488,1.65323409
2026-06-10,3.23227425,1.69801451,1.6264526
2026-06-11,3.45080684,1.74120175,1.65494624
2026-06-12,3.48917064,1.74654347,1.6632632
2026-06-15,3.70106899,1.80018342,1.69075426
2026-06-16,3.57104862,1.77943177,1.68114371
2026-06-17,3.50248006,1.75550395,1.6607207
2026-06-18,3.67173179,1.78898387,1.67873323
2026-06-22,3.65253248,1.76528202,1.67251344
2026-06-23,3.4325819,1.72618303,1.64849149
2026-06-24,3.4040297,1.7187352,1.64687113
2026-06-25,3.45541806,1.71077177,1.64670775
2026-06-26,3.36582656,1.70665784,1.64593107
2026-06-29,3.52033059,1.7419088,1.66527085
2026-06-30,3.62052061,1.76846096,1.67846013
2026-07-01,3.53266035,1.75674319,1.67485004
2026-07-02,3.42841583,1.74275407,1.67485234
2026-07-06,3.51815286,1.76221653,1.68698079
2026-07-07,3.40371796,1.7418109,1.67946511
2026-07-08,3.42109786,1.74531635,1.67473365
2026-07-09,3.52571717,1.76800018,1.68837067
2026-07-10,3.54538759,1.77304095,1.69547675
2026-07-13,3.42624092,1.74548698,1.68203667
2026-07-14,3.49760576,1.7612619,1.68835941
2026-07-15,3.48014988,1.77220583,1.6948075
2026-07-16,3.37509819,1.7460786,1.6861616
2026-07-17,3.28065848,1.72167657,1.66913383
2026-07-20,3.28503998,1.72085554,1.66590864
2026-07-23,3.25011515,1.69586847,1.65807963
2026-07-24,3.18162819,1.68494827,1.65890331
2026-07-27,3.16110612,1.68199741,1.65917193
2026-07-28,3.10569316,1.67827547,1.66266334
2026-07-29,2.99159648,1.64899843,1.63745522
2026-07-30,3.16675734,1.69482214,1.66464411
2026-08-03,3.29221115,1.74823413,1.70109669
2026-08-04,3.44145564,1.79350799,1.73153984
2026-08-05,3.40775384,1.77856147,1.72863693
2026-08-06,3.39472781,1.77754346,1.72559534
2026-08-07,3.44571075,1.80063405,1.73626682
2026-08-10,3.44333603,1.79488215,1.73525288
2026-08-11,3.43217498,1.78409411,1.72967775
2026-08-12,3.46617448,1.79374411,1.73422113
