date,equity
2021-08-13,20000
2021-08-16,20000
2021-08-17,20000
2021-08-18,20000
2021-08-19,20044.656495520627
2021-08-20,20094.770025555797
2021-08-23,20134.818991174725
2021-08-24,20139.846803014352
2021-08-25,20141.410681446527
2021-08-26,20137.164915157635
2021-08-27,20145.937557284447
2021-08-30,20150.24726383007
2021-08-31,20150.366870678037
2021-09-01,20150.689439437218
2021-09-02,20150.79625648543
2021-09-03,20151.00304211278
2021-09-07,20151.162031752567
2021-09-08,20151.161967948905
2021-09-09,20151.16185084911
2021-09-10,20151.136344058825
2021-09-13,20151.17967010583
2021-09-14,20151.181002018744
2021-09-15,20151.182288323413
2021-09-16,20151.18229797366
2021-09-17,20151.182297540083
2021-09-20,20151.182298151587
2021-09-21,20163.02672104734
2021-09-22,20225.45983630898
2021-09-23,20264.611300868983
2021-09-24,20270.803140824773
2021-09-27,20255.498917533627
2021-09-28,19968.838490636375
2021-09-29,19947.353527215168
2021-09-30,19899.405648399825
2021-10-01,20003.256213665212
2021-10-04,19638.111565869138
2021-10-05,19884.328099719773
2021-10-06,19997.06791171416
2021-10-07,20115.446200649454
2021-10-08,20069.197005672235
2021-10-11,20006.38002069731
2021-10-12,19966.518574993363
2021-10-13,20098.623479267753
2021-10-14,20257.800055629636
2021-10-15,20289.262675194503
2021-10-18,20313.152785933795
2021-10-19,20314.62867311205
2021-10-20,20314.722834675744
2021-10-21,20314.740603310038
2021-10-22,20314.740622059722
2021-10-25,20314.740622121124
2021-10-26,20314.740622121124
2021-10-27,20314.740622121124
2021-10-28,20314.740622121124
2021-10-29,20314.740622121124
2021-11-01,20314.740622121124
2021-11-02,20314.740622121124
2021-11-03,20314.740622121124
2021-11-04,20314.740622121124
2021-11-05,20314.740622121124
2021-11-08,20314.740622121124
2021-11-09,20314.740622121124
2021-11-10,20314.740622121124
2021-11-11,20314.740622121124
2021-11-12,20314.740622121124
2021-11-15,20314.740622121124
2021-11-16,20314.740622121124
2021-11-17,20314.740622121124
2021-11-18,20314.740622121124
2021-11-19,20314.740622121124
2021-11-22,20314.740622121124
2021-11-23,20314.740622121124
2021-11-24,20314.740622121124
2021-11-26,20314.740622121124
2021-11-29,20314.740622121124
2021-11-30,20314.740622121124
2021-12-01,20314.740622121124
2021-12-02,20395.841635407654
2021-12-03,20165.290083815533
2021-12-06,20310.73678398596
2021-12-07,20558.137642832728
2021-12-08,20595.417647035
2021-12-09,20498.12117525944
2021-12-10,20579.444544350692
2021-12-13,20498.623017145044
2021-12-14,20409.759918326108
2021-12-15,20591.545029989455
2021-12-16,20340.86574825499
2021-12-17,20309.213470446535
2021-12-20,20210.151215575268
2021-12-21,20510.33666051485
2021-12-22,20618.37493429092
2021-12-23,20670.0200293314
2021-12-27,20730.94419391618
2021-12-28,20733.732901623345
2021-12-29,20735.55181678809
2021-12-30,20736.339884411012
2021-12-31,20736.629568381122
2022-01-03,20737.274356882463
2022-01-04,20737.274356882463
2022-01-05,20737.274356882463
2022-01-06,20742.99332173271
2022-01-07,20596.79361668392
2022-01-10,20665.349100815794
2022-01-11,20860.586148564256
2022-01-12,20918.37430439153
2022-01-13,14695.277772493007
2022-01-14,14801.154441833714
2022-01-18,14278.677400527708
2022-01-19,14045.554345542741
2022-01-20,13795.430692862908
2022-01-21,13273.306771442503
2022-01-24,13351.935647647002
2022-01-25,12926.811470164337
2022-01-26,12915.687520779944
2022-01-27,12755.563311216301
2022-01-28,13235.438780430719
2022-01-31,13778.065656296569
2022-02-01,13894.94064926331
2022-02-02,14042.816068650867
2022-02-03,13265.691395652824
2022-02-04,13460.56637086218
2022-02-07,13324.190833607976
2022-02-08,13324.190833607976
2022-02-09,13324.190833607976
2022-02-10,13324.190833607976
2022-02-11,13324.190833607976
2022-02-14,13324.190833607976
2022-02-15,13324.190833607976
2022-02-16,13324.190833607976
2022-02-17,13324.190833607976
2022-02-18,13324.190833607976
2022-02-22,13324.190833607976
2022-02-23,13324.190833607976
2022-02-24,13324.190833607976
2022-02-25,13324.190833607976
2022-02-28,13324.190833607976
2022-03-01,13324.190833607976
2022-03-02,13324.190833607976
2022-03-03,13324.190833607976
2022-03-04,13324.190833607976
2022-03-07,13324.190833607976
2022-03-08,13324.190833607976
2022-03-09,13324.190833607976
2022-03-10,13324.190833607976
2022-03-11,13324.190833607976
2022-03-14,13324.190833607976
2022-03-15,13324.190833607976
2022-03-16,13324.190833607976
2022-03-17,13324.190833607976
2022-03-18,13324.190833607976
2022-03-21,13324.190833607976
2022-03-22,13324.190833607976
2022-03-23,13324.190833607976
2022-03-24,13324.190833607976
2022-03-25,13324.190833607976
2022-03-28,13324.190833607976
2022-03-29,13324.190833607976
2022-03-30,13324.190833607976
2022-03-31,13324.190833607976
2022-04-01,13324.190833607976
2022-04-04,13324.190833607976
2022-04-05,13324.190833607976
2022-04-06,13324.190833607976
2022-04-07,13324.190833607976
2022-04-08,13324.190833607976
2022-04-11,13324.190833607976
2022-04-12,13324.190833607976
2022-04-13,13324.190833607976
2022-04-14,13324.190833607976
2022-04-18,13324.190833607976
2022-04-19,13324.190833607976
2022-04-20,13324.190833607976
2022-04-21,13324.190833607976
2022-04-22,13324.190833607976
2022-04-25,13324.190833607976
2022-04-26,13324.190833607976
2022-04-27,13324.190833607976
2022-04-28,13324.190833607976
2022-04-29,13324.190833607976
2022-05-02,13324.190833607976
2022-05-03,13324.190833607976
2022-05-04,13324.190833607976
2022-05-05,13324.190833607976
2022-05-06,13324.190833607976
2022-05-09,13324.190833607976
2022-05-10,13324.190833607976
2022-05-11,13324.190833607976
2022-05-12,13324.190833607976
2022-05-13,13324.190833607976
2022-05-16,13324.190833607976
2022-05-17,13324.190833607976
2022-05-18,13324.190833607976
2022-05-19,13324.190833607976
2022-05-20,13324.190833607976
2022-05-23,13324.190833607976
2022-05-24,13324.190833607976
2022-05-25,13324.190833607976
2022-05-26,13324.190833607976
2022-05-27,13324.190833607976
2022-05-31,13324.190833607976
2022-06-01,13324.190833607976
2022-06-02,13324.190833607976
2022-06-03,13324.190833607976
2022-06-06,13324.190833607976
2022-06-07,13324.190833607976
2022-06-08,13324.190833607976
2022-06-09,13324.190833607976
2022-06-10,13324.190833607976
2022-06-13,13324.190833607976
2022-06-14,13324.190833607976
2022-06-15,13324.190833607976
2022-06-16,13324.190833607976
2022-06-17,13324.190833607976
2022-06-21,13324.190833607976
2022-06-22,13324.190833607976
2022-06-23,13324.190833607976
2022-06-24,13324.190833607976
2022-06-27,13324.190833607976
2022-06-28,13324.190833607976
2022-06-29,13324.190833607976
2022-06-30,13324.190833607976
2022-07-01,13324.190833607976
2022-07-05,13324.190833607976
2022-07-06,13324.190833607976
2022-07-07,13324.190833607976
2022-07-08,13324.190833607976
2022-07-11,13324.190833607976
2022-07-12,13324.190833607976
2022-07-13,13324.190833607976
2022-07-14,13324.190833607976
2022-07-15,13324.190833607976
2022-07-18,13324.190833607976
2022-07-19,13324.190833607976
2022-07-20,13324.190833607976
2022-07-21,13324.190833607976
2022-07-22,13324.190833607976
2022-07-25,13324.190833607976
2022-07-26,13324.190833607976
2022-07-27,13324.190833607976
2022-07-28,13324.190833607976
2022-07-29,13324.190833607976
2022-08-01,13324.190833607976
2022-08-02,13324.190833607976
2022-08-03,13324.190833607976
2022-08-04,13324.190833607976
2022-08-05,13324.190833607976
2022-08-08,13324.190833607976
2022-08-09,13324.190833607976
2022-08-10,13324.190833607976
2022-08-11,13324.190833607976
2022-08-12,13324.190833607976
2022-08-15,13324.190833607976
2022-08-16,13324.190833607976
2022-08-17,13324.190833607976
2022-08-18,13324.190833607976
2022-08-19,13324.190833607976
2022-08-22,13324.190833607976
2022-08-23,13324.190833607976
2022-08-24,13324.190833607976
2022-08-25,13324.190833607976
2022-08-26,13324.190833607976
2022-08-29,13324.190833607976
2022-08-30,13324.190833607976
2022-08-31,13324.190833607976
2022-09-01,13324.190833607976
2022-09-02,13324.190833607976
2022-09-06,13324.190833607976
2022-09-07,13324.190833607976
2022-09-08,13324.190833607976
2022-09-09,13324.190833607976
2022-09-12,13324.190833607976
2022-09-13,13324.190833607976
2022-09-14,13324.190833607976
2022-09-15,13324.190833607976
2022-09-16,13324.190833607976
2022-09-19,13324.190833607976
2022-09-20,13324.190833607976
2022-09-21,13324.190833607976
2022-09-22,13324.190833607976
2022-09-23,13324.190833607976
2022-09-26,13324.190833607976
2022-09-27,13324.190833607976
2022-09-28,13324.190833607976
2022-09-29,13324.190833607976
2022-09-30,13324.190833607976
2022-10-03,13324.190833607976
2022-10-04,13324.190833607976
2022-10-05,13324.190833607976
2022-10-06,13324.190833607976
2022-10-07,13324.190833607976
2022-10-10,13324.190833607976
2022-10-11,13324.190833607976
2022-10-12,13324.190833607976
2022-10-13,13324.190833607976
2022-10-14,13324.190833607976
2022-10-17,13324.190833607976
2022-10-18,13324.190833607976
2022-10-19,13324.190833607976
2022-10-20,13324.190833607976
2022-10-21,13324.190833607976
2022-10-24,13324.190833607976
2022-10-25,13324.190833607976
2022-10-26,13324.190833607976
2022-10-27,13324.190833607976
2022-10-28,13324.190833607976
2022-10-31,13324.190833607976
2022-11-01,13324.190833607976
2022-11-02,13324.190833607976
2022-11-03,13324.190833607976
2022-11-04,13324.190833607976
2022-11-07,13324.190833607976
2022-11-08,13324.190833607976
2022-11-09,13324.190833607976
2022-11-10,13324.190833607976
2022-11-11,13324.190833607976
2022-11-14,13324.190833607976
2022-11-15,13324.190833607976
2022-11-16,13324.190833607976
2022-11-17,13324.190833607976
2022-11-18,13324.190833607976
2022-11-21,13324.190833607976
2022-11-22,13324.190833607976
2022-11-23,13324.190833607976
2022-11-25,13324.190833607976
2022-11-28,13324.190833607976
2022-11-29,13324.190833607976
2022-11-30,13324.190833607976
2022-12-01,13324.190833607976
2022-12-02,13324.190833607976
2022-12-05,13324.190833607976
2022-12-06,13324.190833607976
2022-12-07,13324.190833607976
2022-12-08,13324.190833607976
2022-12-09,13324.190833607976
2022-12-12,13324.190833607976
2022-12-13,13324.190833607976
2022-12-14,13324.190833607976
2022-12-15,13324.190833607976
2022-12-16,13324.190833607976
2022-12-19,13324.190833607976
2022-12-20,13324.190833607976
2022-12-21,13324.190833607976
2022-12-22,13324.190833607976
2022-12-23,13324.190833607976
2022-12-27,13324.190833607976
2022-12-28,13324.190833607976
2022-12-29,13324.190833607976
2022-12-30,13324.190833607976
2023-01-03,13324.190833607976
2023-01-04,13324.190833607976
2023-01-05,13324.190833607976
2023-01-06,13324.190833607976
2023-01-09,13324.190833607976
2023-01-10,13324.190833607976
2023-01-11,13324.190833607976
2023-01-12,13324.190833607976
2023-01-13,13324.190833607976
2023-01-17,13324.190833607976
2023-01-18,13324.190833607976
2023-01-19,13324.190833607976
2023-01-20,13324.190833607976
2023-01-23,13324.190833607976
2023-01-24,13324.190833607976
2023-01-25,13324.190833607976
2023-01-26,13324.190833607976
2023-01-27,13324.190833607976
2023-01-30,13324.190833607976
2023-01-31,13324.190833607976
2023-02-01,13324.190833607976
2023-02-02,13324.190833607976
2023-02-03,13324.190833607976
2023-02-06,13324.190833607976
2023-02-07,13324.190833607976
2023-02-08,13324.190833607976
2023-02-09,13324.190833607976
2023-02-10,13324.190833607976
2023-02-13,13324.190833607976
2023-02-14,13324.190833607976
2023-02-15,13324.190833607976
2023-02-16,13324.190833607976
2023-02-17,13324.190833607976
2023-02-21,13324.190833607976
2023-02-22,13327.922407935868
2023-02-23,13349.646338215744
2023-02-24,13311.61244594273
2023-02-27,13339.142636470213
2023-02-28,13338.86502211859
2023-03-01,13322.678834587154
2023-03-02,13346.044403746137
2023-03-03,13398.041250379854
2023-03-06,13409.933000729425
2023-03-07,13389.431059365726
2023-03-08,13403.146620366357
2023-03-09,13368.986572651065
2023-03-10,13333.66974884647
2023-03-13,13367.510613579372
2023-03-14,13419.363224531307
2023-03-15,13431.824539762818
2023-03-16,13460.089284547408
2023-03-17,13459.558855591002
2023-03-20,13469.621615401054
2023-03-21,13472.74593795983
2023-03-22,13471.980850802582
2023-03-23,13473.275646061555
2023-03-24,13473.375804096651
2023-03-27,13473.379374434056
2023-03-28,13473.379374434056
2023-03-29,13473.379374434056
2023-03-30,13473.379374434056
2023-03-31,13473.379374434056
2023-04-03,13473.379374434056
2023-04-04,13473.379374434056
2023-04-05,13473.379374434056
2023-04-06,13473.379374434056
2023-04-10,13473.379374434056
2023-04-11,13473.379374434056
2023-04-12,13473.379374434056
2023-04-13,13473.379374434056
2023-04-14,13473.379374434056
2023-04-17,13473.379374434056
2023-04-18,13473.379374434056
2023-04-19,13473.379374434056
2023-04-20,13473.379374434056
2023-04-21,13473.379374434056
2023-04-24,13473.379374434056
2023-04-25,13473.379374434056
2023-04-26,13487.317097459567
2023-04-27,13529.043214187497
2023-04-28,13538.927707396888
2023-05-01,13545.910066716553
2023-05-02,13538.792545102931
2023-05-03,13534.833008074944
2023-05-04,13538.256179425221
2023-05-05,13558.947814116216
2023-05-08,13564.935123458334
2023-05-09,13563.584360233539
2023-05-10,13570.292415390251
2023-05-11,13572.121277335096
2023-05-12,13572.028350657867
2023-05-15,13575.083375042925
2023-05-16,13575.632670003051
2023-05-17,13576.449270583264
2023-05-18,13576.710976011953
2023-05-19,13576.720335427675
2023-05-22,13576.733273134794
2023-05-23,13576.733163152818
2023-05-24,13576.733287808469
2023-05-25,13576.733332873304
2023-05-26,13576.733332873493
2023-05-30,13576.733332873493
2023-05-31,13576.733332873493
2023-06-01,13576.733332873493
2023-06-02,13576.733332873493
2023-06-05,13576.733332873493
2023-06-06,13576.733332873493
2023-06-07,13576.733332873493
2023-06-08,13576.733332873493
2023-06-09,13576.733332873493
2023-06-12,13576.733332873493
2023-06-13,13576.733332873493
2023-06-14,13576.733332873493
2023-06-15,13576.733332873493
2023-06-16,13576.733332873493
2023-06-20,13576.733332873493
2023-06-21,13576.733332873493
2023-06-22,13576.733332873493
2023-06-23,13576.733332873493
2023-06-26,13576.733332873493
2023-06-27,13576.733332873493
2023-06-28,13576.733332873493
2023-06-29,13576.733332873493
2023-06-30,13576.733332873493
2023-07-03,13576.733332873493
2023-07-05,13576.733332873493
2023-07-06,13576.733332873493
2023-07-07,13576.733332873493
2023-07-10,13576.733332873493
2023-07-11,13576.733332873493
2023-07-12,13576.733332873493
2023-07-13,13576.733332873493
2023-07-14,13576.733332873493
2023-07-17,13576.733332873493
2023-07-18,13576.733332873493
2023-07-19,13576.733332873493
2023-07-20,13576.733332873493
2023-07-21,13576.733332873493
2023-07-24,13576.733332873493
2023-07-25,13576.733332873493
2023-07-26,13576.733332873493
2023-07-27,13576.733332873493
2023-07-28,13576.733332873493
2023-07-31,13576.733332873493
2023-08-01,13576.733332873493
2023-08-02,13576.733332873493
2023-08-03,13576.733332873493
2023-08-04,13576.733332873493
2023-08-07,13616.060730534682
2023-08-08,13591.184320991157
2023-08-09,13550.701189979334
2023-08-10,13561.952181784736
2023-08-11,13535.750452601682
2023-08-14,13591.484900761714
2023-08-15,13551.809175697384
2023-08-16,13498.07287780359
2023-08-17,13433.720425196974
2023-08-18,13431.520349285702
2023-08-21,13537.387047616186
2023-08-22,13534.859297296969
2023-08-23,13610.558009247261
2023-08-24,13497.458537185896
2023-08-25,13553.758890198429
2023-08-28,13614.566217182117
2023-08-29,13678.057090777722
2023-08-30,13689.794274087515
2023-08-31,13695.714089147783
2023-09-01,13697.590987655953
2023-09-05,13702.2954448877
2023-09-06,13702.296882466535
2023-09-07,13702.296882466535
2023-09-08,13702.296882466535
2023-09-11,13702.296882466535
2023-09-12,13702.296882466535
2023-09-13,13702.296882466535
2023-09-14,13702.296882466535
2023-09-15,13702.296882466535
2023-09-18,13715.34702751093
2023-09-19,13711.794797487573
2023-09-20,13649.97014182294
2023-09-21,13544.740521972793
2023-09-22,13551.487664648032
2023-09-25,13591.384031852647
2023-09-26,13497.899270620106
2023-09-27,13515.52857020288
2023-09-28,13571.515525005447
2023-09-29,13583.523971075976
2023-10-02,13643.925646536962
2023-10-03,13525.318766305189
2023-10-04,13619.309711255453
2023-10-05,13601.50249781561
2023-10-06,13699.646434165532
2023-10-09,13741.359037960543
2023-10-10,13769.867381409731
2023-10-11,13797.738858091905
2023-10-12,13794.243572746916
2023-10-13,13755.85383122994
2023-10-16,13820.207550826497
2023-10-17,13824.93392939486
2023-10-18,13798.944563866395
2023-10-19,13750.865094297547
2023-10-20,13653.347876903554
2023-10-23,13683.894521230834
2023-10-24,13746.192539873147
2023-10-25,13567.244625386547
2023-10-26,13413.773480239457
2023-10-27,13453.571459518014
2023-10-30,13544.430283737558
2023-10-31,13588.674732834686
2023-11-01,13714.644132008116
2023-11-02,13826.479700826188
2023-11-03,13891.942165945291
2023-11-06,13927.399410375592
2023-11-07,13969.476590440525
2023-11-08,13977.390623508873
2023-11-09,13954.508013157618
2023-11-10,14019.850831929785
2023-11-13,14030.55431309375
2023-11-14,14050.619438632004
2023-11-15,14052.602951410796
2023-11-16,14053.80927720777
2023-11-17,14054.57008380693
2023-11-20,14055.603982443623
2023-11-21,14055.603982443623
2023-11-22,14055.603982443623
2023-11-24,14055.603982443623
2023-11-27,14055.603982443623
2023-11-28,14055.603982443623
2023-11-29,14055.603982443623
2023-11-30,14055.603982443623
2023-12-01,14055.603982443623
2023-12-04,14055.603982443623
2023-12-05,14055.603982443623
2023-12-06,14055.603982443623
2023-12-07,14055.603982443623
2023-12-08,14055.603982443623
2023-12-11,14055.603982443623
2023-12-12,14055.603982443623
2023-12-13,14055.603982443623
2023-12-14,14055.603982443623
2023-12-15,14055.603982443623
2023-12-18,14055.603982443623
2023-12-19,14055.603982443623
2023-12-20,14055.603982443623
2023-12-21,14055.603982443623
2023-12-22,14055.603982443623
2023-12-26,14055.603982443623
2023-12-27,14055.603982443623
2023-12-28,14055.603982443623
2023-12-29,14055.603982443623
2024-01-02,14055.603982443623
2024-01-03,14055.603982443623
2024-01-04,14038.565030577858
2024-01-05,14047.847292733644
2024-01-08,14119.620994185329
2024-01-09,14127.92681933666
2024-01-10,14143.713507371478
2024-01-11,14149.311766155011
2024-01-12,14152.653181579428
2024-01-16,14163.436962241907
2024-01-17,14158.304596052956
2024-01-18,14174.567766075714
2024-01-19,14183.711853647637
2024-01-22,14185.472126310906
2024-01-23,14186.178283216323
2024-01-24,14186.450346945849
2024-01-25,14186.526304763516
2024-01-26,14186.564161573247
2024-01-29,14186.60135244448
2024-01-30,14186.601343834916
2024-01-31,14186.595976563804
2024-02-01,14186.601396457048
2024-02-02,14186.601421591084
2024-02-05,14186.601421591247
2024-02-06,14186.601421591247
2024-02-07,14186.601421591247
2024-02-08,14186.601421591247
2024-02-09,14186.601421591247
2024-02-12,14186.601421591247
2024-02-13,14186.601421591247
2024-02-14,14186.601421591247
2024-02-15,14186.601421591247
2024-02-16,14186.601421591247
2024-02-20,14186.601421591247
2024-02-21,14186.601421591247
2024-02-22,14186.601421591247
2024-02-23,14186.601421591247
2024-02-26,14186.601421591247
2024-02-27,14186.601421591247
2024-02-28,14186.601421591247
2024-02-29,14186.601421591247
2024-03-01,14186.601421591247
2024-03-04,14186.601421591247
2024-03-05,14186.601421591247
2024-03-06,14186.601421591247
2024-03-07,14186.601421591247
2024-03-08,14186.601421591247
2024-03-11,14186.601421591247
2024-03-12,14186.601421591247
2024-03-13,14186.601421591247
2024-03-14,14186.601421591247
2024-03-15,14186.601421591247
2024-03-18,14234.732988383239
2024-03-19,14246.578238809052
2024-03-20,14278.455210793252
2024-03-21,14291.025600354513
2024-03-22,14299.231107689013
2024-03-25,14302.344167338468
2024-03-26,14299.328283033934
2024-03-27,14307.675775867872
2024-03-28,14306.979517409854
2024-04-01,14320.883505814278
2024-04-02,14310.359711374878
2024-04-03,14319.65580290364
2024-04-04,14289.673720872705
2024-04-05,14318.024428262728
2024-04-08,14327.942527448566
2024-04-09,14334.17794528248
2024-04-10,14329.674823174973
2024-04-11,14338.414621500766
2024-04-12,14333.44083805229
2024-04-15,14329.925701601713
2024-04-16,14337.620251893994
2024-04-17,14339.51901735192
2024-04-18,14321.136331844978
2024-04-19,14206.297295407006
2024-04-22,14276.203871665039
2024-04-23,14347.270166789329
2024-04-24,14365.087148160419
2024-04-25,14347.64557530905
2024-04-26,14402.276067464856
2024-04-29,14425.6065541491
2024-04-30,14362.850763365805
2024-05-01,14341.602803827613
2024-05-02,14396.920282088204
2024-05-03,14448.072718878404
2024-05-06,14468.656658001448
2024-05-07,14470.746811728113
2024-05-08,14472.59859630415
2024-05-09,14475.25022790042
2024-05-10,14477.59189533492
2024-05-13,14480.288028405774
2024-05-14,14480.845558543271
2024-05-15,14480.948601074857
2024-05-16,14480.95022784876
2024-05-17,14480.950527326311
2024-05-20,14480.950535550044
2024-05-21,14480.950535550044
2024-05-22,14480.950535550044
2024-05-23,14480.950535550044
2024-05-24,14480.950535550044
2024-05-28,14480.950535550044
2024-05-29,14480.950535550044
2024-05-30,14480.950535550044
2024-05-31,14480.950535550044
2024-06-03,14480.950535550044
2024-06-04,14480.950535550044
2024-06-05,14480.950535550044
2024-06-06,14480.950535550044
2024-06-07,14480.950535550044
2024-06-10,14480.950535550044
2024-06-11,14480.950535550044
2024-06-12,14480.950535550044
2024-06-13,14480.950535550044
2024-06-14,14480.950535550044
2024-06-17,14480.950535550044
2024-06-18,14480.950535550044
2024-06-20,14480.950535550044
2024-06-21,14480.950535550044
2024-06-24,14480.950535550044
2024-06-25,14480.950535550044
2024-06-26,14480.950535550044
2024-06-27,14480.950535550044
2024-06-28,14480.950535550044
2024-07-01,14480.950535550044
2024-07-02,14480.950535550044
2024-07-03,14480.950535550044
2024-07-05,14480.950535550044
2024-07-08,14480.950535550044
2024-07-09,14480.950535550044
2024-07-10,14480.950535550044
2024-07-11,14480.950535550044
2024-07-12,14480.950535550044
2024-07-15,14480.950535550044
2024-07-16,14480.950535550044
2024-07-17,14480.950535550044
2024-07-18,14461.562817563574
2024-07-19,14403.069475957927
2024-07-22,14522.350689244377
2024-07-23,14508.96735238593
2024-07-24,14149.441448190664
2024-07-25,14018.216499276552
2024-07-26,14137.273872382197
2024-07-29,14186.56917197383
2024-07-30,14016.904182880466
2024-07-31,14337.47637035431
2024-08-01,14052.848275341088
2024-08-02,13695.627025775279
2024-08-05,13230.709462839397
2024-08-06,13361.362911878457
2024-08-07,13190.405369007001
2024-08-08,13652.612010766536
2024-08-09,13728.602780614516
2024-08-12,13780.480200207416
2024-08-13,14155.530963494506
2024-08-14,14178.345229709228
2024-08-15,14495.465785476998
2024-08-16,14529.240055144499
2024-08-19,14668.716104309719
2024-08-20,14668.716104309719
2024-08-21,14668.716104309719
2024-08-22,14668.716104309719
2024-08-23,14668.716104309719
2024-08-26,14668.716104309719
2024-08-27,14668.716104309719
2024-08-28,14668.716104309719
2024-08-29,14668.716104309719
2024-08-30,14668.716104309719
2024-09-03,14668.716104309719
2024-09-04,14659.728982899698
2024-09-05,14680.676442379932
2024-09-06,14484.659118742065
2024-09-09,14594.847641100976
2024-09-10,14659.336730354253
2024-09-11,14770.447610729441
2024-09-12,14818.913298507277
2024-09-13,14841.364682499667
2024-09-16,14847.886253431376
2024-09-17,14857.69886187512
2024-09-18,14850.425690112705
2024-09-19,14915.313007162398
2024-09-20,14916.952479504575
2024-09-23,14936.979073930772
2024-09-24,14946.822950863914
2024-09-25,14950.57711812612
2024-09-26,14957.795035085914
2024-09-27,14957.48380631107
2024-09-30,14963.985698532628
2024-10-01,14962.592295287015
2024-10-02,14964.487423823733
2024-10-03,14965.26542067386
2024-10-04,14965.544380339845
2024-10-07,14965.546230874306
2024-10-08,14965.546230874306
2024-10-09,14965.546230874306
2024-10-10,14965.546230874306
2024-10-11,14965.546230874306
2024-10-14,14965.546230874306
2024-10-15,14965.546230874306
2024-10-16,14965.546230874306
2024-10-17,14965.546230874306
2024-10-18,14965.546230874306
2024-10-21,14965.546230874306
2024-10-22,14965.546230874306
2024-10-23,14965.546230874306
2024-10-24,14965.546230874306
2024-10-25,14965.546230874306
2024-10-28,14965.546230874306
2024-10-29,14965.546230874306
2024-10-30,14965.546230874306
2024-10-31,14965.546230874306
2024-11-01,15036.377626699274
2024-11-04,15039.482058104702
2024-11-05,15106.895730392604
2024-11-06,15194.369298634781
2024-11-07,15220.483598019955
2024-11-08,15223.999230703195
2024-11-11,15233.332479724133
2024-11-12,15233.819479508971
2024-11-13,15237.349581746119
2024-11-14,15233.253138904854
2024-11-15,15191.22713039314
2024-11-18,15219.197266321724
2024-11-19,15231.741545233654
2024-11-20,15235.815545371679
2024-11-21,15241.242779470162
2024-11-22,15244.23604642359
2024-11-25,15248.676205631578
2024-11-26,15249.906206126001
2024-11-27,15249.725880398702
2024-11-29,15250.374954048359
2024-12-02,15250.38787203738
2024-12-03,15250.38787203738
2024-12-04,15250.38787203738
2024-12-05,15250.38787203738
2024-12-06,15250.38787203738
2024-12-09,15250.38787203738
2024-12-10,15250.38787203738
2024-12-11,15250.38787203738
2024-12-12,15250.38787203738
2024-12-13,15250.38787203738
2024-12-16,15250.38787203738
2024-12-17,15250.38787203738
2024-12-18,15250.38787203738
2024-12-19,15221.764624188627
2024-12-20,15287.061232444552
2024-12-23,15353.070687953219
2024-12-24,15413.25665172645
2024-12-26,15422.220146588681
2024-12-27,15364.818868287044
2024-12-30,15301.286504473976
2024-12-31,15246.491462484968
2025-01-02,15248.016626726427
2025-01-03,15364.94575364412
2025-01-06,15442.87685298395
2025-01-07,15355.731707013643
2025-01-08,15372.048885035003
2025-01-10,15261.771664479224
2025-01-13,15272.38394763188
2025-01-14,15277.120644164443
2025-01-15,15458.717612175951
2025-01-16,15442.635133770484
2025-01-17,15506.183866151821
2025-01-21,15515.458744819054
2025-01-22,15515.458744819054
2025-01-23,15515.458744819054
2025-01-24,15515.458744819054
2025-01-27,15515.458744819054
2025-01-28,15610.221537107669
2025-01-29,15606.378854894127
2025-01-30,15635.899025255298
2025-01-31,15635.289605098806
2025-02-03,15612.438420973103
2025-02-04,15694.840258064942
2025-02-05,15719.754269491812
2025-02-06,15743.513996922393
2025-02-07,15699.233504911284
2025-02-10,15769.16708914818
2025-02-11,15771.110067057649
2025-02-12,15778.519335034465
2025-02-13,15807.801633439938
2025-02-14,15815.680891172058
2025-02-18,15826.910994879165
2025-02-19,15828.727657166006
2025-02-20,15829.905048595807
2025-02-21,15816.027109217146
2025-02-24,15815.23597509082
2025-02-25,15791.89074858009
2025-02-26,15812.047339552362
2025-02-27,15620.253231301773
2025-02-28,15802.134264726932
2025-03-03,15541.026257907477
2025-03-04,15508.4628599598
2025-03-05,15656.03207478273
2025-03-06,15306.664756668299
2025-03-07,15401.508704095846
2025-03-10,14848.006420933922
2025-03-11,14795.14952785418
2025-03-12,14966.965707474927
2025-03-13,14688.22828639371
2025-03-14,15030.376472436677
2025-03-17,15152.215209643866
2025-03-18,14895.169738575061
2025-03-19,15096.799968486004
2025-03-20,15053.94987649337
2025-03-21,15109.973683268476
2025-03-24,15462.747384242124
2025-03-25,15561.516770724735
2025-03-26,15256.610911150674
2025-03-27,15168.534439093266
2025-03-28,14697.885383965817
2025-03-31,14696.823844254122
2025-04-01,14828.91369591772
2025-04-02,14960.049996071786
2025-04-03,13997.240751169707
2025-04-04,13076.240842749781
2025-04-07,13092.240827490992
2025-04-08,12862.999669550001
2025-04-09,14059.744945343511
2025-04-10,13513.23701973741
2025-04-11,13729.586374301789
2025-04-14,13836.264445033145
2025-04-15,13859.419003365952
2025-04-16,13463.021695992107
2025-04-17,13455.221109404589
2025-04-21,13152.984172048204
2025-04-22,13462.573566208357
2025-04-23,13747.319840553413
2025-04-24,14121.616776754374
2025-04-25,14279.963762502975
2025-04-28,14307.650764583503
2025-04-29,14411.600911591237
2025-04-30,14421.91670356976
2025-05-01,14601.50254902651
2025-05-02,14845.66335108699
2025-05-05,14794.670864723661
2025-05-06,14644.870386834065
2025-05-07,14714.550361626216
2025-05-08,14887.31998838848
2025-05-09,14875.196634067175
2025-05-12,15589.239529429675
2025-05-13,15754.273670615306
2025-05-14,15827.795168360233
2025-05-15,15857.874672703509
2025-05-16,15914.794867211636
2025-05-19,15976.94586327953
2025-05-20,15960.755711281061
2025-05-21,15830.905376538
2025-05-22,15872.521906569227
2025-05-23,15784.76342136616
2025-05-27,16102.783058991105
2025-05-28,16079.768957899647
2025-05-29,16128.103677160361
2025-05-30,16134.675688805457
2025-06-02,16294.415027832407
2025-06-03,16399.725301612634
2025-06-04,16455.99024938776
2025-06-05,16413.614371347994
2025-06-06,16538.88917506216
2025-06-09,16672.492272481242
2025-06-10,16769.065498552296
2025-06-11,16788.214897327845
2025-06-12,16861.20766539906
2025-06-13,16819.71456339254
2025-06-16,17004.65949969002
2025-06-17,17004.65949969002
2025-06-18,17004.65949969002
2025-06-20,17004.65949969002
2025-06-23,17004.65949969002
2025-06-24,17004.65949969002
2025-06-25,17004.65949969002
2025-06-26,17004.65949969002
2025-06-27,17004.65949969002
2025-06-30,17004.65949969002
2025-07-01,17004.65949969002
2025-07-02,17004.65949969002
2025-07-03,17004.65949969002
2025-07-07,17004.65949969002
2025-07-08,17004.65949969002
2025-07-09,17004.65949969002
2025-07-10,17004.65949969002
2025-07-11,17004.65949969002
2025-07-14,17004.65949969002
2025-07-15,17004.65949969002
2025-07-16,17004.65949969002
2025-07-17,17004.65949969002
2025-07-18,17004.65949969002
2025-07-21,17004.65949969002
2025-07-22,17004.65949969002
2025-07-23,17004.65949969002
2025-07-24,17004.65949969002
2025-07-25,17004.65949969002
2025-07-28,17004.65949969002
2025-07-29,17004.65949969002
2025-07-30,17004.65949969002
2025-07-31,17004.65949969002
2025-08-01,17004.65949969002
2025-08-04,17099.404255222766
2025-08-05,17076.588030210954
2025-08-06,17123.451274329615
2025-08-07,17135.191037070363
2025-08-08,17154.625307800557
2025-08-11,17157.394679424804
2025-08-12,17177.767095777206
2025-08-13,17179.12988303911
2025-08-14,17179.451852157687
2025-08-15,17178.5991414258
2025-08-18,17180.19764980667
2025-08-19,17174.91498754881
2025-08-20,17171.581365991962
2025-08-21,17170.5123923272
2025-08-22,17179.77043075229
2025-08-25,17181.13896322462
2025-08-26,17181.889504341958
2025-08-27,17181.98479078553
2025-08-28,17182.021049061743
2025-08-29,17182.00148476734
2025-09-02,17182.023761048596
2025-09-03,17182.023761049488
2025-09-04,17182.023761049488
2025-09-05,17182.023761049488
2025-09-08,17182.023761049488
2025-09-09,17182.023761049488
2025-09-10,17182.023761049488
2025-09-11,17182.023761049488
2025-09-12,17182.023761049488
2025-09-15,17182.023761049488
2025-09-16,17182.023761049488
2025-09-17,17182.023761049488
2025-09-18,17182.023761049488
2025-09-19,17182.023761049488
2025-09-22,17182.023761049488
2025-09-23,17182.023761049488
2025-09-24,17182.023761049488
2025-09-25,17182.023761049488
2025-09-26,17182.023761049488
2025-09-29,17182.023761049488
2025-09-30,17182.023761049488
2025-10-01,17182.023761049488
2025-10-02,17182.023761049488
2025-10-03,17182.023761049488
2025-10-06,17182.023761049488
2025-10-07,17182.023761049488
2025-10-08,17182.023761049488
2025-10-09,17182.023761049488
2025-10-10,17182.023761049488
2025-10-13,17284.554825300875
2025-10-14,17260.806111313894
2025-10-15,17291.285737888862
2025-10-16,17282.260263382148
2025-10-17,17306.378596154846
2025-10-20,17339.18034454529
2025-10-21,17341.165826690594
2025-10-22,17326.11252725126
2025-10-23,17342.04597125124
2025-10-24,17352.881671573625
2025-10-27,17360.3621211426
2025-10-28,17361.201437497533
2025-10-29,17361.47812332483
2025-10-30,17361.103431646625
2025-10-31,17361.51334968555
2025-11-03,17361.652198740903
2025-11-04,17361.485475619123
2025-11-05,17361.635154170515
2025-11-06,17361.29757176156
2025-11-07,17361.421266114692
2025-11-10,17361.659390888293
2025-11-11,17361.65939089947
2025-11-12,17361.65939089947
2025-11-13,17361.65939089947
2025-11-14,17371.789323495475
2025-11-17,17326.653084932623
2025-11-18,17200.64306443154
2025-11-19,17274.095223562555
2025-11-20,12714.237573165854
2025-11-21,12816.450571258621
2025-11-24,13174.089230161215
2025-11-25,13266.301649870897
2025-11-26,13401.514078319045
2025-11-28,13516.940295391903
2025-12-01,13465.578523534667
2025-12-02,13589.790954609562
2025-12-03,13628.003294232694
2025-12-04,13609.21558841707
2025-12-05,13672.428155204549
2025-12-08,13635.064270914076
2025-12-09,13655.276163917815
2025-12-10,13718.48840417895
2025-12-11,13663.700167720563
2025-12-12,13333.91186652481
2025-12-15,13251.546925412411
2025-12-16,13281.758594095903
2025-12-17,12988.816659868826
2025-12-18,13199.784957837992
2025-12-19,13400.724105341302
2025-12-22,13473.766668155591
2025-12-23,13549.761549001209
2025-12-24,13584.77239767792
2025-12-26,13579.804857856318
2025-12-29,13497.831488865073
2025-12-30,13458.834412815464
2025-12-31,13320.836924547064
2026-01-02,13283.837226298518
2026-01-05,13408.83732732523
2026-01-06,13549.837308246886
2026-01-07,13565.837310834197
2026-01-08,13467.837363770474
2026-01-09,13624.837333203783
2026-01-12,13637.837440518
2026-01-13,13608.837348965266
2026-01-14,13431.837684658625
2026-01-15,13486.83760836468
2026-01-16,13462.837440518
2026-01-20,13121.83745577679
2026-01-21,13321.818492574303
2026-01-22,13438.802661887708
2026-01-23,13486.808939850995
2026-01-26,13556.828316270188
2026-01-27,13702.815308556723
2026-01-28,13754.828120115628
2026-01-29,13652.844014527234
2026-01-30,13448.85162499243
2026-02-02,13558.85295632733
2026-02-03,13300.853835495705
2026-02-04,13024.853699971372
2026-02-05,12812.853812608391
2026-02-06,13107.853886174235
2026-02-09,13222.854041512928
2026-02-10,13150.853919545703
2026-02-11,13188.85402636569
2026-02-12,12874.853705931513
2026-02-13,12895.853995848505
2026-02-17,12883.853721190302
2026-02-18,12987.853812743037
2026-02-19,12931.854056883662
2026-02-20,13054.854011107294
2026-02-23,12872.854041624872
2026-02-24,13026.854155605122
2026-02-25,13235.85101893006
2026-02-26,13053.855146753227
2026-02-27,13000.855510585012
2026-03-02,13018.855676345709
2026-03-03,12858.855479411082
2026-03-04,13074.855430891474
2026-03-05,13028.855549487635
2026-03-06,12802.855728082866
2026-03-09,12987.855575625314
2026-03-10,12988.855789923078
2026-03-11,12983.855485007529
2026-03-12,12731.855820818393
2026-03-13,12641.855668234017
2026-03-16,12794.85554616392
2026-03-17,12864.855622457877
2026-03-18,12658.855485128775
2026-03-19,12617.855500387564
2026-03-20,12356.855820822135
2026-03-23,12505.855607199088
2026-03-24,12410.855530905143
2026-03-25,12487.85557668151
2026-03-26,12171.855591940299
2026-03-27,11926.855515646354
2026-03-30,11837.855576681508
2026-03-31,12216.855418321946
2026-04-01,12371.854946206658
2026-04-02,12381.855388927288
2026-04-06,12458.855354750229
2026-04-07,12463.855720647167
2026-04-08,12848.853797785543
2026-04-09,12944.853290339224
2026-04-10,12965.853903546038
2026-04-13,13114.854803716793
2026-04-14,13389.851640195677
2026-04-15,13613.84523629827
2026-04-16,13691.847007035987
2026-04-17,13907.836369589195
2026-04-20,13856.854127417253
2026-04-21,13788.85558648457
2026-04-22,14069.854850778243
2026-04-23,13970.855679083026
2026-04-24,14304.855255711629
2026-04-27,14312.855577966375
2026-04-28,14122.855807510276
2026-04-29,14234.85570069916
2026-04-30,14402.85573121674
2026-05-01,14578.855944839786
2026-05-04,14539.856005874943
2026-05-05,14782.012959774196
2026-05-06,15180.66072751303
2026-05-07,15164.276534699564
2026-05-08,15618.439892427245
2026-05-11,15693.146006404108
2026-05-12,15515.39744976659
2026-05-13,15725.904401133817
2026-05-14,15889.829572219654
2026-05-15,15562.658719283925
2026-05-18,15475.191810506278
2026-05-19,15343.23482477963
2026-05-20,15688.1430031278
2026-05-21,15733.46665269394
2026-05-22,15822.529863029175
2026-05-26,16223.709859674804
2026-05-27,16204.4651402299
2026-05-28,16397.63416478082
2026-05-29,16485.671765975803
2026-06-01,16646.315545374622
2026-06-02,16765.813202520814
2026-06-03,16711.26823434857
2026-06-04,16582.64569672242
2026-06-05,15366.16670769554
2026-06-08,15688.166066826401
2026-06-09,15472.447704520753
2026-06-10,15069.559977755192
2026-06-11,15666.109146907085
2026-06-12,15799.701529041391
2026-06-15,16354.817231944515
2026-06-16,16008.090782783092
2026-06-17,15823.927069774132
2026-06-18,16250.769645819328
2026-06-22,16282.590778071635
2026-06-23,15581.351308423502
2026-06-24,15481.912834332039
2026-06-25,15639.934243742171
2026-06-26,15353.06187895073
2026-06-29,15874.519311450958
2026-06-30,16228.211567437742
2026-07-01,15913.21236543451
2026-07-02,15517.521772106138
2026-07-06,15827.799076649997
2026-07-07,15410.268970784718
2026-07-08,15459.312113353093
2026-07-09,15821.315082894213
2026-07-10,15890.319017884154
2026-07-13,15451.319080671325
2026-07-14,15657.196068752603
2026-07-15,15619.512389547957
2026-07-16,15302.753651512328
2026-07-17,15013.046540693744
2026-07-20,15035.78065627376
2026-07-21,15380.92066974236
2026-07-22,15286.186583158456
2026-07-23,14914.467887803856
2026-07-24,14694.109712380852
2026-07-27,14640.332669411604
2026-07-28,14459.198251375863
2026-07-29,14080.321421340755
2026-07-30,14632.03842923115
2026-07-31,14763.619523627689
2026-08-03,15097.025729245108
2026-08-04,15762.029421859479
2026-08-05,15577.667440699424
2026-08-06,15502.517119174032
2026-08-07,15743.82908380207
2026-08-10,15685.018707872166
2026-08-11,15611.825830413827
2026-08-12,15765.950423108461
