eventDate,eventType,positionEntryDate,regime,quantity,underlying,shortCallStrike,shortCallExpiry,cashFlow
2022-01-20,sell_short_call,2022-01-20,sigma1_weekly_1lot,1,351.8835,387,2022-02-19,76.0664
2022-01-24,sell_short_call,2022-01-24,sigma1_weekly_1lot,1,343.6925,378,2022-02-23,77.772
2022-02-22,short_call_settlement,2022-01-20,sigma1_weekly_1lot,1,328.8863,387,2022-02-19,0
2022-02-22,sell_short_call,2022-01-20,sigma1_weekly_1lot,1,328.8863,362,2022-03-24,96.8917
2022-02-23,short_call_settlement,2022-01-24,sigma1_weekly_1lot,1,320.4619,378,2022-02-23,0
2022-02-23,sell_short_call,2022-01-24,sigma1_weekly_1lot,1,320.4619,353,2022-03-25,94.9903
2022-02-23,sell_short_call,2022-02-23,sigma1_weekly_1lot,1,320.4619,353,2022-03-25,94.9903
2022-03-24,short_call_settlement,2022-01-20,sigma1_weekly_1lot,1,350.3023,362,2022-03-24,0
2022-03-24,sell_short_call,2022-01-20,sigma1_weekly_1lot,1,350.3023,385,2022-04-23,117.6949
2022-03-25,short_call_settlement,2022-01-24,sigma1_weekly_1lot,1,350.0101,353,2022-03-25,0
2022-03-25,short_call_settlement,2022-02-23,sigma1_weekly_1lot,1,350.0101,353,2022-03-25,0
2022-03-25,sell_short_call,2022-01-24,sigma1_weekly_1lot,1,350.0101,385,2022-04-24,113.6688
2022-03-25,sell_short_call,2022-02-23,sigma1_weekly_1lot,1,350.0101,385,2022-04-24,113.6688
2022-04-25,short_call_settlement,2022-01-20,sigma1_weekly_1lot,1,321.0138,385,2022-04-23,0
2022-04-25,short_call_settlement,2022-01-24,sigma1_weekly_1lot,1,321.0138,385,2022-04-24,0
2022-04-25,short_call_settlement,2022-02-23,sigma1_weekly_1lot,1,321.0138,385,2022-04-24,0
2022-04-25,sell_short_call,2022-01-20,sigma1_weekly_1lot,1,321.0138,353,2022-05-25,123.9409
2022-04-25,sell_short_call,2022-01-24,sigma1_weekly_1lot,1,321.0138,353,2022-05-25,123.9409
2022-04-25,sell_short_call,2022-02-23,sigma1_weekly_1lot,1,321.0138,353,2022-05-25,123.9409
2022-05-25,short_call_settlement,2022-01-20,sigma1_weekly_1lot,1,283.6898,353,2022-05-25,0
2022-05-25,short_call_settlement,2022-01-24,sigma1_weekly_1lot,1,283.6898,353,2022-05-25,0
2022-05-25,short_call_settlement,2022-02-23,sigma1_weekly_1lot,1,283.6898,353,2022-05-25,0
2022-05-25,sell_short_call,2022-01-20,sigma1_weekly_1lot,1,283.6898,312,2022-06-24,171.5672
2022-05-25,sell_short_call,2022-01-24,sigma1_weekly_1lot,1,283.6898,312,2022-06-24,171.5672
2022-05-25,sell_short_call,2022-02-23,sigma1_weekly_1lot,1,283.6898,312,2022-06-24,171.5672
2022-06-24,short_call_settlement,2022-01-20,sigma1_weekly_1lot,1,287.5043,312,2022-06-24,0
2022-06-24,short_call_settlement,2022-01-24,sigma1_weekly_1lot,1,287.5043,312,2022-06-24,0
2022-06-24,short_call_settlement,2022-02-23,sigma1_weekly_1lot,1,287.5043,312,2022-06-24,0
2022-06-24,sell_short_call,2022-01-20,sigma1_weekly_1lot,1,287.5043,316,2022-07-24,227.851
2022-06-24,sell_short_call,2022-01-24,sigma1_weekly_1lot,1,287.5043,316,2022-07-24,227.851
2022-06-24,sell_short_call,2022-02-23,sigma1_weekly_1lot,1,287.5043,316,2022-07-24,227.851
2022-07-25,short_call_settlement,2022-01-20,sigma1_weekly_1lot,1,293.0278,316,2022-07-24,0
2022-07-25,short_call_settlement,2022-01-24,sigma1_weekly_1lot,1,293.0278,316,2022-07-24,0
2022-07-25,short_call_settlement,2022-02-23,sigma1_weekly_1lot,1,293.0278,316,2022-07-24,0
2022-07-25,sell_short_call,2022-01-20,sigma1_weekly_1lot,1,293.0278,322,2022-08-24,250.847
2022-07-25,sell_short_call,2022-01-24,sigma1_weekly_1lot,1,293.0278,322,2022-08-24,250.847
2022-07-25,sell_short_call,2022-02-23,sigma1_weekly_1lot,1,293.0278,322,2022-08-24,250.847
2022-08-24,short_call_settlement,2022-01-20,sigma1_weekly_1lot,1,307.4123,322,2022-08-24,0
2022-08-24,short_call_settlement,2022-01-24,sigma1_weekly_1lot,1,307.4123,322,2022-08-24,0
2022-08-24,short_call_settlement,2022-02-23,sigma1_weekly_1lot,1,307.4123,322,2022-08-24,0
2022-08-24,sell_short_call,2022-01-20,sigma1_weekly_1lot,1,307.4123,338,2022-09-23,285.9807
2022-08-24,sell_short_call,2022-01-24,sigma1_weekly_1lot,1,307.4123,338,2022-09-23,285.9807
2022-08-24,sell_short_call,2022-02-23,sigma1_weekly_1lot,1,307.4123,338,2022-09-23,285.9807
2022-09-23,short_call_settlement,2022-01-20,sigma1_weekly_1lot,1,269.3482,338,2022-09-23,0
2022-09-23,short_call_settlement,2022-01-24,sigma1_weekly_1lot,1,269.3482,338,2022-09-23,0
2022-09-23,short_call_settlement,2022-02-23,sigma1_weekly_1lot,1,269.3482,338,2022-09-23,0
2022-09-23,sell_short_call,2022-01-20,sigma1_weekly_1lot,1,269.3482,296,2022-10-23,281.9716
2022-09-23,sell_short_call,2022-01-24,sigma1_weekly_1lot,1,269.3482,296,2022-10-23,281.9716
2022-09-23,sell_short_call,2022-02-23,sigma1_weekly_1lot,1,269.3482,296,2022-10-23,281.9716
2022-10-24,short_call_settlement,2022-01-20,sigma1_weekly_1lot,1,272.2225,296,2022-10-23,0
2022-10-24,short_call_settlement,2022-01-24,sigma1_weekly_1lot,1,272.2225,296,2022-10-23,0
2022-10-24,short_call_settlement,2022-02-23,sigma1_weekly_1lot,1,272.2225,296,2022-10-23,0
2022-10-24,sell_short_call,2022-01-20,sigma1_weekly_1lot,1,272.2225,299,2022-11-23,312.9167
2022-10-24,sell_short_call,2022-01-24,sigma1_weekly_1lot,1,272.2225,299,2022-11-23,312.9167
2022-10-24,sell_short_call,2022-02-23,sigma1_weekly_1lot,1,272.2225,299,2022-11-23,312.9167
2022-11-23,short_call_settlement,2022-01-20,sigma1_weekly_1lot,1,282.3605,299,2022-11-23,0
2022-11-23,short_call_settlement,2022-01-24,sigma1_weekly_1lot,1,282.3605,299,2022-11-23,0
2022-11-23,short_call_settlement,2022-02-23,sigma1_weekly_1lot,1,282.3605,299,2022-11-23,0
2022-11-23,sell_short_call,2022-01-20,sigma1_weekly_1lot,1,282.3605,311,2022-12-23,353.5495
2022-11-23,sell_short_call,2022-01-24,sigma1_weekly_1lot,1,282.3605,311,2022-12-23,353.5495
2022-11-23,sell_short_call,2022-02-23,sigma1_weekly_1lot,1,282.3605,311,2022-12-23,353.5495
2022-12-23,short_call_settlement,2022-01-20,sigma1_weekly_1lot,1,262.0062,311,2022-12-23,0
2022-12-23,short_call_settlement,2022-01-24,sigma1_weekly_1lot,1,262.0062,311,2022-12-23,0
2022-12-23,short_call_settlement,2022-02-23,sigma1_weekly_1lot,1,262.0062,311,2022-12-23,0
2022-12-23,sell_short_call,2022-01-20,sigma1_weekly_1lot,1,262.0062,288,2023-01-22,340.0217
2022-12-23,sell_short_call,2022-01-24,sigma1_weekly_1lot,1,262.0062,288,2023-01-22,340.0217
2022-12-23,sell_short_call,2022-02-23,sigma1_weekly_1lot,1,262.0062,288,2023-01-22,340.0217
2023-01-23,short_call_settlement,2022-01-20,sigma1_weekly_1lot,1,283.1737,288,2023-01-22,0
2023-01-23,short_call_settlement,2022-01-24,sigma1_weekly_1lot,1,283.1737,288,2023-01-22,0
2023-01-23,short_call_settlement,2022-02-23,sigma1_weekly_1lot,1,283.1737,288,2023-01-22,0
2023-01-23,sell_short_call,2022-01-20,sigma1_weekly_1lot,1,283.1737,311,2023-02-22,376.3501
2023-01-23,sell_short_call,2022-01-24,sigma1_weekly_1lot,1,283.1737,311,2023-02-22,376.3501
2023-01-23,sell_short_call,2022-02-23,sigma1_weekly_1lot,1,283.1737,311,2023-02-22,376.3501
2023-02-22,short_call_settlement,2022-01-20,sigma1_weekly_1lot,1,288.3578,311,2023-02-22,0
2023-02-22,short_call_settlement,2022-01-24,sigma1_weekly_1lot,1,288.3578,311,2023-02-22,0
2023-02-22,short_call_settlement,2022-02-23,sigma1_weekly_1lot,1,288.3578,311,2023-02-22,0
2023-02-22,sell_short_call,2022-01-20,sigma1_weekly_1lot,1,288.3578,317,2023-03-24,360.5232
2023-02-22,sell_short_call,2022-01-24,sigma1_weekly_1lot,1,288.3578,317,2023-03-24,360.5232
2023-02-22,sell_short_call,2022-02-23,sigma1_weekly_1lot,1,288.3578,317,2023-03-24,360.5232
2023-03-24,short_call_settlement,2022-01-20,sigma1_weekly_1lot,1,305.1362,317,2023-03-24,0
2023-03-24,short_call_settlement,2022-01-24,sigma1_weekly_1lot,1,305.1362,317,2023-03-24,0
2023-03-24,short_call_settlement,2022-02-23,sigma1_weekly_1lot,1,305.1362,317,2023-03-24,0
2023-03-24,sell_short_call,2022-01-20,sigma1_weekly_1lot,1,305.1362,336,2023-04-23,339.8201
2023-03-24,sell_short_call,2022-01-24,sigma1_weekly_1lot,1,305.1362,336,2023-04-23,339.8201
2023-03-24,sell_short_call,2022-02-23,sigma1_weekly_1lot,1,305.1362,336,2023-04-23,339.8201
2023-04-24,short_call_settlement,2022-01-20,sigma1_weekly_1lot,1,310.1025,336,2023-04-23,0
2023-04-24,short_call_settlement,2022-01-24,sigma1_weekly_1lot,1,310.1025,336,2023-04-23,0
2023-04-24,short_call_settlement,2022-02-23,sigma1_weekly_1lot,1,310.1025,336,2023-04-23,0
2023-04-24,sell_short_call,2022-01-20,sigma1_weekly_1lot,1,310.1025,341,2023-05-24,333.3617
2023-04-24,sell_short_call,2022-01-24,sigma1_weekly_1lot,1,310.1025,341,2023-05-24,333.3617
2023-04-24,sell_short_call,2022-02-23,sigma1_weekly_1lot,1,310.1025,341,2023-05-24,333.3617
2023-05-22,close_short_call,2022-01-24,sigma1_weekly_1lot,1,331.3911,341,2023-05-24,-47.8999
2023-05-24,short_call_settlement,2022-01-20,sigma1_weekly_1lot,1,325.512,341,2023-05-24,0
2023-05-24,short_call_settlement,2022-02-23,sigma1_weekly_1lot,1,325.512,341,2023-05-24,0
2023-05-24,sell_short_call,2022-01-20,sigma1_weekly_1lot,1,325.512,358,2023-06-23,270.6146
2023-05-24,sell_short_call,2022-02-23,sigma1_weekly_1lot,1,325.512,358,2023-06-23,270.6146
2023-05-26,close_short_call,2022-02-23,sigma1_weekly_1lot,1,341.952,358,2023-06-23,-646.2218
2023-06-02,close_short_call,2022-01-20,sigma1_weekly_1lot,1,348.0863,358,2023-06-23,-690.9052
2024-08-05,sell_short_call,2024-08-05,sigma2_first_60d_1lot,1,430.8515,474,2024-09-04,62.1618
2024-08-06,sell_short_call,2024-08-06,sigma1_weekly_1lot,1,434.9684,478,2024-09-05,65.8385
2024-09-04,short_call_settlement,2024-08-05,sigma2_first_60d_1lot,1,455.8296,474,2024-09-04,0
2024-09-04,sell_short_call,2024-08-05,sigma2_first_60d_1lot,1,455.8296,501,2024-10-04,78.6472
2024-09-05,short_call_settlement,2024-08-06,sigma1_weekly_1lot,1,456.2551,478,2024-09-05,0
2024-09-05,sell_short_call,2024-08-06,sigma1_weekly_1lot,1,456.2551,502,2024-10-05,75.6183
2024-10-04,short_call_settlement,2024-08-05,sigma2_first_60d_1lot,1,482.9401,501,2024-10-04,0
2024-10-04,sell_short_call,2024-08-05,sigma2_first_60d_1lot,1,482.9401,531,2024-11-03,83.6917
2024-10-07,short_call_settlement,2024-08-06,sigma1_weekly_1lot,1,477.767,502,2024-10-05,0
2024-10-07,sell_short_call,2024-08-06,sigma1_weekly_1lot,1,477.767,526,2024-11-06,79.5498
2024-11-04,short_call_settlement,2024-08-05,sigma2_first_60d_1lot,1,481.6418,531,2024-11-03,0
2024-11-04,sell_short_call,2024-08-05,sigma2_first_60d_1lot,1,481.6418,530,2024-12-04,74.2513
2024-11-06,short_call_settlement,2024-08-06,sigma1_weekly_1lot,1,501.036,526,2024-11-06,0
2024-11-06,sell_short_call,2024-08-06,sigma1_weekly_1lot,1,501.036,551,2024-12-06,83.2881
2024-12-04,short_call_settlement,2024-08-05,sigma2_first_60d_1lot,1,518.5571,530,2024-12-04,0
2024-12-04,sell_short_call,2024-08-05,sigma2_first_60d_1lot,1,518.5571,570,2025-01-03,88.0873
2024-12-06,short_call_settlement,2024-08-06,sigma1_weekly_1lot,1,521.748,551,2024-12-06,0
2024-12-06,sell_short_call,2024-08-06,sigma1_weekly_1lot,1,521.748,574,2025-01-05,85.9355
2025-01-03,short_call_settlement,2024-08-05,sigma2_first_60d_1lot,1,514.7477,570,2025-01-03,0
2025-01-03,sell_short_call,2024-08-05,sigma2_first_60d_1lot,1,514.7477,566,2025-02-02,98.6002
2025-01-06,short_call_settlement,2024-08-06,sigma1_weekly_1lot,1,520.6638,574,2025-01-05,0
2025-01-06,sell_short_call,2024-08-06,sigma1_weekly_1lot,1,520.6638,573,2025-02-05,97.0949
2025-02-03,short_call_settlement,2024-08-05,sigma2_first_60d_1lot,1,514.2813,566,2025-02-02,0
2025-02-03,sell_short_call,2024-08-05,sigma2_first_60d_1lot,1,514.2813,566,2025-03-05,104.1283
2025-02-05,short_call_settlement,2024-08-06,sigma1_weekly_1lot,1,522.9567,573,2025-02-05,0
2025-02-05,sell_short_call,2024-08-06,sigma1_weekly_1lot,1,522.9567,575,2025-03-07,107.9038
2025-03-05,short_call_settlement,2024-08-05,sigma2_first_60d_1lot,1,498.3003,566,2025-03-05,0
2025-03-05,sell_short_call,2024-08-05,sigma2_first_60d_1lot,1,498.3003,548,2025-04-04,110.3019
2025-03-07,short_call_settlement,2024-08-06,sigma1_weekly_1lot,1,488.1558,575,2025-03-07,0
2025-03-07,sell_short_call,2024-08-06,sigma1_weekly_1lot,1,488.1558,537,2025-04-06,110.2203
2025-03-10,sell_short_call,2025-03-10,sigma1_weekly_1lot,1,469.2366,516,2025-04-09,117.439
2025-04-04,short_call_settlement,2024-08-05,sigma2_first_60d_1lot,1,420.1722,548,2025-04-04,0
2025-04-04,sell_short_call,2024-08-05,sigma2_first_60d_1lot,1,420.1722,462,2025-05-04,162.4997
2025-04-07,short_call_settlement,2024-08-06,sigma1_weekly_1lot,1,421.1862,537,2025-04-06,0
2025-04-07,sell_short_call,2024-08-06,sigma1_weekly_1lot,1,421.1862,463,2025-05-07,162.5507
2025-04-09,short_call_settlement,2025-03-10,sigma1_weekly_1lot,1,463.2462,516,2025-04-09,0
2025-04-09,sell_short_call,2025-03-10,sigma1_weekly_1lot,1,463.2462,510,2025-05-09,264.7992
2025-05-05,short_call_settlement,2024-08-05,sigma2_first_60d_1lot,1,483.0583,462,2025-05-04,-2105.835
2025-05-05,sell_short_call,2024-08-05,sigma2_first_60d_1lot,1,483.0583,531,2025-06-04,315.6892
2025-05-07,short_call_settlement,2024-08-06,sigma1_weekly_1lot,1,480.4439,463,2025-05-07,-1744.3878
2025-05-07,sell_short_call,2024-08-06,sigma1_weekly_1lot,1,480.4439,528,2025-06-06,312.4061
2025-05-09,short_call_settlement,2025-03-10,sigma1_weekly_1lot,1,485.0863,510,2025-05-09,0
2025-05-09,sell_short_call,2025-03-10,sigma1_weekly_1lot,1,485.0863,534,2025-06-08,303.6609
2025-06-04,short_call_settlement,2024-08-05,sigma2_first_60d_1lot,1,525.6452,531,2025-06-04,0
2025-06-04,sell_short_call,2024-08-05,sigma2_first_60d_1lot,1,525.6452,578,2025-07-04,355.849
2025-06-06,short_call_settlement,2024-08-06,sigma1_weekly_1lot,1,526.7883,528,2025-06-06,0
2025-06-06,sell_short_call,2024-08-06,sigma1_weekly_1lot,1,526.7883,579,2025-07-06,361.1492
2025-06-09,short_call_settlement,2025-03-10,sigma1_weekly_1lot,1,527.5638,534,2025-06-08,0
2025-06-09,sell_short_call,2025-03-10,sigma1_weekly_1lot,1,527.5638,580,2025-07-09,356.4779
2025-07-03,close_short_call,2024-08-06,sigma1_weekly_1lot,1,553.5539,579,2025-07-06,-34.7129
2025-07-07,short_call_settlement,2024-08-05,sigma2_first_60d_1lot,1,549.3841,578,2025-07-04,0
2025-07-07,sell_short_call,2024-08-05,sigma2_first_60d_1lot,1,549.3841,604,2025-08-06,374.1319
2025-07-09,short_call_settlement,2025-03-10,sigma1_weekly_1lot,1,553.5839,580,2025-07-09,0
2025-07-09,sell_short_call,2025-03-10,sigma1_weekly_1lot,1,553.5839,609,2025-08-08,370.824
2025-08-05,close_short_call,2024-08-05,sigma2_first_60d_1lot,1,557.5845,604,2025-08-06,0
2025-08-08,short_call_settlement,2025-03-10,sigma1_weekly_1lot,1,571.7961,609,2025-08-08,0
2025-08-08,sell_short_call,2025-03-10,sigma1_weekly_1lot,1,571.7961,629,2025-09-07,331.5759
2025-09-08,short_call_settlement,2025-03-10,sigma1_weekly_1lot,1,576.0954,629,2025-09-07,0
2025-09-08,sell_short_call,2025-03-10,sigma1_weekly_1lot,1,576.0954,634,2025-10-08,303.3551
2025-09-11,close_short_call,2025-03-10,sigma1_weekly_1lot,1,581.2804,634,2025-10-08,-311.8481
2026-03-26,sell_short_call,2026-03-26,sigma1_weekly_1lot,1,573.1601,630,2026-04-25,259.6588
2026-03-30,sell_short_call,2026-03-30,sigma1_weekly_1lot,1,557.6672,613,2026-04-29,252.9759
2026-04-27,short_call_settlement,2026-03-26,sigma1_weekly_1lot,1,663.5009,630,2026-04-25,-3350.0854
2026-04-27,sell_short_call,2026-03-26,sigma1_weekly_1lot,1,663.5009,730,2026-05-27,76.479
2026-04-29,short_call_settlement,2026-03-30,sigma1_weekly_1lot,1,660.8438,613,2026-04-29,-4784.375
2026-04-29,sell_short_call,2026-03-30,sigma1_weekly_1lot,1,660.8438,727,2026-05-29,76.9365
2026-05-27,short_call_settlement,2026-03-26,sigma1_weekly_1lot,1,728.6493,730,2026-05-27,0
2026-05-27,sell_short_call,2026-03-26,sigma1_weekly_1lot,1,728.6493,802,2026-06-26,79.2694
2026-05-29,short_call_settlement,2026-03-30,sigma1_weekly_1lot,1,737.4995,727,2026-05-29,-1049.9512
2026-05-29,sell_short_call,2026-03-30,sigma1_weekly_1lot,1,737.4995,811,2026-06-28,79.7671
2026-06-26,short_call_settlement,2026-03-26,sigma1_weekly_1lot,1,706.52,802,2026-06-26,0
2026-06-26,sell_short_call,2026-03-26,sigma1_weekly_1lot,1,706.52,777,2026-07-26,135.1052
2026-06-29,short_call_settlement,2026-03-30,sigma1_weekly_1lot,1,724.08,811,2026-06-28,0
2026-06-29,sell_short_call,2026-03-30,sigma1_weekly_1lot,1,724.08,796,2026-07-29,145.0713
2026-07-27,short_call_settlement,2026-03-26,sigma1_weekly_1lot,1,682.12,777,2026-07-26,0
2026-07-27,sell_short_call,2026-03-26,sigma1_weekly_1lot,1,682.12,750,2026-08-26,165.3117
2026-07-29,short_call_settlement,2026-03-30,sigma1_weekly_1lot,1,661.73,796,2026-07-29,0
2026-07-29,sell_short_call,2026-03-30,sigma1_weekly_1lot,1,661.73,728,2026-08-28,162.3748
