strategy,scenario,date,event,contract_id,fill,cash_flow
deployed,mid,2021-03-04,sell_short_call,QQQ210401C00335000,0.6799999999999999,68.0
deployed,mid,2021-04-01,short_expiry_settlement,QQQ210401C00335000,,-0.0
deployed,mid,2021-04-01,sell_short_call,QQQ210430C00360000,0.20500000000000002,20.5
deployed,mid,2021-04-30,short_expiry_settlement,QQQ210430C00360000,,-0.0
deployed,mid,2021-04-30,sell_short_call,QQQ210528C00372000,0.16999999999999998,17.0
deployed,mid,2021-05-12,sell_short_call,QQQ210611C00349000,0.5800000000000001,58.00000000000001
deployed,mid,2021-05-28,short_expiry_settlement,QQQ210528C00372000,,-0.0
deployed,mid,2021-05-28,sell_short_call,QQQ210628C00370000,0.12,12.0
deployed,mid,2021-06-11,short_expiry_settlement,QQQ210611C00349000,,-0.0
deployed,mid,2021-06-11,sell_short_call,QQQ210712C00380000,0.07500000000000001,7.500000000000001
deployed,mid,2021-06-28,short_expiry_settlement,QQQ210628C00370000,,-0.0
deployed,mid,2021-06-28,sell_short_call,QQQ210728C00390000,0.105,10.5
deployed,mid,2021-07-12,short_expiry_settlement,QQQ210712C00380000,,-0.0
deployed,mid,2021-07-12,sell_short_call,QQQ210811C00400000,0.16,16.0
deployed,mid,2021-07-28,short_expiry_settlement,QQQ210728C00390000,,-0.0
deployed,mid,2021-07-28,sell_short_call,QQQ210827C00404000,0.085,8.5
deployed,mid,2021-08-11,short_expiry_settlement,QQQ210811C00400000,,-0.0
deployed,mid,2021-08-11,sell_short_call,QQQ210910C00404000,0.05,5.0
deployed,mid,2021-08-27,short_expiry_settlement,QQQ210827C00404000,,-0.0
deployed,mid,2021-08-27,sell_short_call,QQQ210927C00415000,0.065,6.5
deployed,mid,2021-09-10,short_expiry_settlement,QQQ210910C00404000,,-0.0
deployed,mid,2021-09-10,sell_short_call,QQQ211011C00415000,0.07500000000000001,7.500000000000001
deployed,mid,2021-09-27,short_expiry_settlement,QQQ210927C00415000,,-0.0
deployed,mid,2021-09-27,sell_short_call,QQQ211027C00408000,0.07500000000000001,7.500000000000001
deployed,mid,2021-10-11,short_expiry_settlement,QQQ211011C00415000,,-0.0
deployed,mid,2021-10-11,sell_short_call,QQQ211110C00395000,0.08,8.0
deployed,mid,2021-10-27,short_expiry_settlement,QQQ211027C00408000,,-0.0
deployed,mid,2021-10-27,sell_short_call,QQQ211126C00420000,0.085,8.5
deployed,mid,2021-11-10,short_expiry_settlement,QQQ211110C00395000,,-0.0
deployed,mid,2021-11-10,sell_short_call,QQQ211210C00429000,0.235,23.5
deployed,mid,2021-11-18,buy_to_close_short,QQQ211126C00420000,0.04,-4.0
deployed,mid,2021-11-19,buy_to_close_short,QQQ211210C00429000,0.265,-26.5
deployed,mid,2022-01-21,sell_short_call,QQQ220222C00387000,1.1099999999999999,110.99999999999999
deployed,mid,2022-01-24,sell_short_call,QQQ220223C00390000,0.79,79.0
deployed,mid,2022-02-22,short_expiry_settlement,QQQ220222C00387000,,-0.0
deployed,mid,2022-02-22,sell_short_call,QQQ220323C00372000,0.9199999999999999,92.0
deployed,mid,2022-02-23,short_expiry_settlement,QQQ220223C00390000,,-0.0
deployed,mid,2022-02-23,sell_short_call,QQQ220325C00362500,1.225,122.50000000000001
deployed,mid,2022-02-23,sell_short_call,QQQ220325C00362500,1.225,122.50000000000001
deployed,mid,2022-03-07,sell_short_call,QQQ220406C00360000,1.1400000000000001,114.00000000000001
deployed,mid,2022-03-23,short_expiry_settlement,QQQ220323C00372000,,-0.0
deployed,mid,2022-03-23,sell_short_call,QQQ220422C00388000,0.52,52.0
deployed,mid,2022-03-25,short_expiry_settlement,QQQ220325C00362500,,-0.0
deployed,mid,2022-03-25,short_expiry_settlement,QQQ220325C00362500,,-0.0
deployed,mid,2022-03-25,sell_short_call,QQQ220425C00396000,0.39,39.0
deployed,mid,2022-03-25,sell_short_call,QQQ220425C00396000,0.39,39.0
deployed,mid,2022-04-06,short_expiry_settlement,QQQ220406C00360000,,-0.0
deployed,mid,2022-04-06,sell_short_call,QQQ220506C00389000,0.525,52.5
deployed,mid,2022-04-22,short_expiry_settlement,QQQ220422C00388000,,-0.0
deployed,mid,2022-04-22,sell_short_call,QQQ220523C00358000,1.04,104.0
deployed,mid,2022-04-25,short_expiry_settlement,QQQ220425C00396000,,-0.0
deployed,mid,2022-04-25,short_expiry_settlement,QQQ220425C00396000,,-0.0
deployed,mid,2022-04-25,sell_short_call,QQQ220525C00363000,0.8049999999999999,80.5
deployed,mid,2022-04-25,sell_short_call,QQQ220525C00363000,0.8049999999999999,80.5
deployed,mid,2022-05-06,short_expiry_settlement,QQQ220506C00389000,,-0.0
deployed,mid,2022-05-06,sell_short_call,QQQ220603C00341000,1.085,108.5
deployed,mid,2022-05-23,short_expiry_settlement,QQQ220523C00358000,,-0.0
deployed,mid,2022-05-23,sell_short_call,QQQ220622C00324000,1.225,122.50000000000001
deployed,mid,2022-05-25,short_expiry_settlement,QQQ220525C00363000,,-0.0
deployed,mid,2022-05-25,short_expiry_settlement,QQQ220525C00363000,,-0.0
deployed,mid,2022-05-25,sell_short_call,QQQ220624C00321000,1.3900000000000001,139.0
deployed,mid,2022-05-25,sell_short_call,QQQ220624C00321000,1.3900000000000001,139.0
deployed,mid,2022-06-03,short_expiry_settlement,QQQ220603C00341000,,-0.0
deployed,mid,2022-06-03,sell_short_call,QQQ220701C00337000,0.865,86.5
deployed,mid,2022-06-22,short_expiry_settlement,QQQ220622C00324000,,-0.0
deployed,mid,2022-06-22,sell_short_call,QQQ220722C00309000,1.73,173.0
deployed,mid,2022-06-24,short_expiry_settlement,QQQ220624C00321000,,-0.0
deployed,mid,2022-06-24,short_expiry_settlement,QQQ220624C00321000,,-0.0
deployed,mid,2022-06-24,sell_short_call,QQQ220725C00325000,1.12,112.00000000000001
deployed,mid,2022-06-24,sell_short_call,QQQ220725C00325000,1.12,112.00000000000001
deployed,mid,2022-07-01,short_expiry_settlement,QQQ220701C00337000,,-0.0
deployed,mid,2022-07-01,sell_short_call,QQQ220801C00311000,1.245,124.50000000000001
deployed,mid,2022-07-22,short_expiry_settlement,QQQ220722C00309000,,-0.0
deployed,mid,2022-07-22,sell_short_call,QQQ220822C00334000,0.6799999999999999,68.0
deployed,mid,2022-07-25,short_expiry_settlement,QQQ220725C00325000,,-0.0
deployed,mid,2022-07-25,short_expiry_settlement,QQQ220725C00325000,,-0.0
deployed,mid,2022-07-25,sell_short_call,QQQ220824C00332000,0.6799999999999999,68.0
deployed,mid,2022-07-25,sell_short_call,QQQ220824C00332000,0.6799999999999999,68.0
deployed,mid,2022-08-01,short_expiry_settlement,QQQ220801C00311000,,-426.9999999999982
deployed,mid,2022-08-01,sell_short_call,QQQ220831C00347000,0.73,73.0
deployed,mid,2022-08-22,short_expiry_settlement,QQQ220822C00334000,,-0.0
deployed,mid,2022-08-22,sell_short_call,QQQ220921C00346000,0.725,72.5
deployed,mid,2022-08-24,short_expiry_settlement,QQQ220824C00332000,,-0.0
deployed,mid,2022-08-24,short_expiry_settlement,QQQ220824C00332000,,-0.0
deployed,mid,2022-08-24,sell_short_call,QQQ220923C00348000,0.61,61.0
deployed,mid,2022-08-24,sell_short_call,QQQ220923C00348000,0.61,61.0
deployed,mid,2022-08-31,short_expiry_settlement,QQQ220831C00347000,,-0.0
deployed,mid,2022-08-31,sell_short_call,QQQ220930C00330000,0.995,99.5
deployed,mid,2022-09-21,short_expiry_settlement,QQQ220921C00346000,,-0.0
deployed,mid,2022-09-21,sell_short_call,QQQ221021C00312000,1.45,145.0
deployed,mid,2022-09-21,sell_short_call,QQQ221021C00312000,1.45,145.0
deployed,mid,2022-09-23,short_expiry_settlement,QQQ220923C00348000,,-0.0
deployed,mid,2022-09-23,short_expiry_settlement,QQQ220923C00348000,,-0.0
deployed,mid,2022-09-23,sell_short_call,QQQ221024C00304000,1.39,139.0
deployed,mid,2022-09-23,sell_short_call,QQQ221024C00304000,1.39,139.0
deployed,mid,2022-09-30,short_expiry_settlement,QQQ220930C00330000,,-0.0
deployed,mid,2022-09-30,sell_short_call,QQQ221031C00294000,1.81,181.0
deployed,mid,2022-10-21,short_expiry_settlement,QQQ221021C00312000,,-0.0
deployed,mid,2022-10-21,short_expiry_settlement,QQQ221021C00312000,,-0.0
deployed,mid,2022-10-21,sell_short_call,QQQ221121C00305000,1.665,166.5
deployed,mid,2022-10-21,sell_short_call,QQQ221121C00305000,1.665,166.5
deployed,mid,2022-10-24,short_expiry_settlement,QQQ221024C00304000,,-0.0
deployed,mid,2022-10-24,short_expiry_settlement,QQQ221024C00304000,,-0.0
deployed,mid,2022-10-24,sell_short_call,QQQ221123C00310000,1.56,156.0
deployed,mid,2022-10-24,sell_short_call,QQQ221123C00310000,1.56,156.0
deployed,mid,2022-10-31,short_expiry_settlement,QQQ221031C00294000,,-0.0
deployed,mid,2022-10-31,sell_short_call,QQQ221130C00306000,1.355,135.5
deployed,mid,2022-11-21,short_expiry_settlement,QQQ221121C00305000,,-0.0
deployed,mid,2022-11-21,short_expiry_settlement,QQQ221121C00305000,,-0.0
deployed,mid,2022-11-21,sell_short_call,QQQ221223C00312000,0.81,81.0
deployed,mid,2022-11-21,sell_short_call,QQQ221223C00312000,0.81,81.0
deployed,mid,2022-11-23,short_expiry_settlement,QQQ221123C00310000,,-0.0
deployed,mid,2022-11-23,short_expiry_settlement,QQQ221123C00310000,,-0.0
deployed,mid,2022-11-23,sell_short_call,QQQ221223C00318000,0.515,51.5
deployed,mid,2022-11-23,sell_short_call,QQQ221223C00318000,0.515,51.5
deployed,mid,2022-11-30,short_expiry_settlement,QQQ221130C00306000,,-0.0
deployed,mid,2022-11-30,sell_short_call,QQQ221230C00325000,0.47,47.0
deployed,mid,2022-12-23,short_expiry_settlement,QQQ221223C00312000,,-0.0
deployed,mid,2022-12-23,short_expiry_settlement,QQQ221223C00318000,,-0.0
deployed,mid,2022-12-23,short_expiry_settlement,QQQ221223C00318000,,-0.0
deployed,mid,2022-12-23,short_expiry_settlement,QQQ221223C00312000,,-0.0
deployed,mid,2022-12-23,sell_short_call,QQQ230120C00295000,0.505,50.5
deployed,mid,2022-12-23,sell_short_call,QQQ230120C00295000,0.505,50.5
deployed,mid,2022-12-23,sell_short_call,QQQ230120C00295000,0.505,50.5
deployed,mid,2022-12-23,sell_short_call,QQQ230120C00295000,0.505,50.5
deployed,mid,2022-12-30,short_expiry_settlement,QQQ221230C00325000,,-0.0
deployed,mid,2022-12-30,sell_short_call,QQQ230127C00293000,0.595,59.5
deployed,mid,2023-01-20,short_expiry_settlement,QQQ230120C00295000,,-0.0
deployed,mid,2023-01-20,short_expiry_settlement,QQQ230120C00295000,,-0.0
deployed,mid,2023-01-20,short_expiry_settlement,QQQ230120C00295000,,-0.0
deployed,mid,2023-01-20,short_expiry_settlement,QQQ230120C00295000,,-0.0
deployed,mid,2023-01-20,sell_short_call,QQQ230217C00312000,0.32,32.0
deployed,mid,2023-01-20,sell_short_call,QQQ230217C00312000,0.32,32.0
deployed,mid,2023-01-20,sell_short_call,QQQ230217C00312000,0.32,32.0
deployed,mid,2023-01-20,sell_short_call,QQQ230217C00312000,0.32,32.0
deployed,mid,2023-01-27,short_expiry_settlement,QQQ230127C00293000,,-325.9999999999991
deployed,mid,2023-01-27,sell_short_call,QQQ230224C00330000,0.25,25.0
deployed,mid,2023-02-17,short_expiry_settlement,QQQ230217C00312000,,-0.0
deployed,mid,2023-02-17,short_expiry_settlement,QQQ230217C00312000,,-0.0
deployed,mid,2023-02-17,short_expiry_settlement,QQQ230217C00312000,,-0.0
deployed,mid,2023-02-17,short_expiry_settlement,QQQ230217C00312000,,-0.0
deployed,mid,2023-02-17,sell_short_call,QQQ230317C00332000,0.29000000000000004,29.000000000000004
deployed,mid,2023-02-17,sell_short_call,QQQ230317C00332000,0.29000000000000004,29.000000000000004
deployed,mid,2023-02-17,sell_short_call,QQQ230317C00332000,0.29000000000000004,29.000000000000004
deployed,mid,2023-02-17,sell_short_call,QQQ230317C00332000,0.29000000000000004,29.000000000000004
deployed,mid,2023-02-24,short_expiry_settlement,QQQ230224C00330000,,-0.0
deployed,mid,2023-02-24,sell_short_call,QQQ230324C00322000,0.425,42.5
deployed,mid,2023-03-17,short_expiry_settlement,QQQ230317C00332000,,-0.0
deployed,mid,2023-03-17,short_expiry_settlement,QQQ230317C00332000,,-0.0
deployed,mid,2023-03-17,short_expiry_settlement,QQQ230317C00332000,,-0.0
deployed,mid,2023-03-17,short_expiry_settlement,QQQ230317C00332000,,-0.0
deployed,mid,2023-03-17,sell_short_call,QQQ230414C00336000,0.435,43.5
deployed,mid,2023-03-17,sell_short_call,QQQ230414C00336000,0.435,43.5
deployed,mid,2023-03-17,sell_short_call,QQQ230414C00336000,0.435,43.5
deployed,mid,2023-03-17,sell_short_call,QQQ230414C00336000,0.435,43.5
deployed,mid,2023-03-24,short_expiry_settlement,QQQ230324C00322000,,-0.0
deployed,mid,2023-03-24,sell_short_call,QQQ230421C00342000,0.28500000000000003,28.500000000000004
deployed,mid,2023-04-14,short_expiry_settlement,QQQ230414C00336000,,-0.0
deployed,mid,2023-04-14,short_expiry_settlement,QQQ230414C00336000,,-0.0
deployed,mid,2023-04-14,short_expiry_settlement,QQQ230414C00336000,,-0.0
deployed,mid,2023-04-14,short_expiry_settlement,QQQ230414C00336000,,-0.0
deployed,mid,2023-04-14,sell_short_call,QQQ230512C00352000,0.175,17.5
deployed,mid,2023-04-14,sell_short_call,QQQ230512C00352000,0.175,17.5
deployed,mid,2023-04-14,sell_short_call,QQQ230512C00352000,0.175,17.5
deployed,mid,2023-04-14,sell_short_call,QQQ230512C00352000,0.175,17.5
deployed,mid,2023-04-21,short_expiry_settlement,QQQ230421C00342000,,-0.0
deployed,mid,2023-04-21,sell_short_call,QQQ230519C00349000,0.10500000000000001,10.500000000000002
deployed,mid,2023-05-12,short_expiry_settlement,QQQ230512C00352000,,-0.0
deployed,mid,2023-05-12,short_expiry_settlement,QQQ230512C00352000,,-0.0
deployed,mid,2023-05-12,short_expiry_settlement,QQQ230512C00352000,,-0.0
deployed,mid,2023-05-12,short_expiry_settlement,QQQ230512C00352000,,-0.0
deployed,mid,2023-05-12,sell_short_call,QQQ230609C00358000,0.05,5.0
deployed,mid,2023-05-12,sell_short_call,QQQ230609C00358000,0.05,5.0
deployed,mid,2023-05-12,sell_short_call,QQQ230609C00358000,0.05,5.0
deployed,mid,2023-05-12,sell_short_call,QQQ230609C00358000,0.05,5.0
deployed,mid,2023-05-19,short_expiry_settlement,QQQ230519C00349000,,-0.0
deployed,mid,2023-05-19,sell_short_call,QQQ230616C00371000,0.1,10.0
deployed,mid,2023-06-09,short_expiry_settlement,QQQ230609C00358000,,-0.0
deployed,mid,2023-06-09,short_expiry_settlement,QQQ230609C00358000,,-0.0
deployed,mid,2023-06-09,short_expiry_settlement,QQQ230609C00358000,,-0.0
deployed,mid,2023-06-09,short_expiry_settlement,QQQ230609C00358000,,-0.0
deployed,mid,2023-06-09,sell_short_call,QQQ230707C00390000,0.13,13.0
deployed,mid,2023-06-09,sell_short_call,QQQ230707C00390000,0.13,13.0
deployed,mid,2023-06-09,sell_short_call,QQQ230707C00390000,0.13,13.0
deployed,mid,2023-06-09,sell_short_call,QQQ230707C00390000,0.13,13.0
deployed,mid,2023-06-13,buy_to_close_short,QQQ230707C00390000,0.47,-47.0
deployed,mid,2023-06-14,buy_to_close_short,QQQ230616C00371000,0.935,-93.5
deployed,mid,2023-06-20,buy_to_close_short,QQQ230707C00390000,0.46499999999999997,-46.5
deployed,mid,2023-07-07,short_expiry_settlement,QQQ230707C00390000,,-0.0
deployed,mid,2023-07-07,short_expiry_settlement,QQQ230707C00390000,,-0.0
deployed,mid,2023-07-07,sell_short_call,QQQ230804C00405000,0.16999999999999998,17.0
deployed,mid,2023-07-07,sell_short_call,QQQ230804C00405000,0.16999999999999998,17.0
deployed,mid,2023-07-24,buy_to_close_short,QQQ230804C00405000,0.10500000000000001,-10.500000000000002
deployed,mid,2023-08-04,short_expiry_settlement,QQQ230804C00405000,,-0.0
deployed,mid,2023-08-04,sell_short_call,QQQ230901C00410000,0.195,19.5
deployed,mid,2023-09-01,short_expiry_settlement,QQQ230901C00410000,,-0.0
deployed,mid,2023-09-01,sell_short_call,QQQ230929C00416000,0.055,5.5
deployed,mid,2023-09-29,short_expiry_settlement,QQQ230929C00416000,,-0.0
deployed,mid,2024-08-05,sell_short_call,QQQ240906C00479000,3.04,304.0
deployed,mid,2024-08-06,sell_short_call,QQQ240906C00484000,1.165,116.5
deployed,mid,2024-09-06,short_expiry_settlement,QQQ240906C00479000,,-0.0
deployed,mid,2024-09-06,short_expiry_settlement,QQQ240906C00484000,,-0.0
deployed,mid,2024-09-06,sell_short_call,QQQ241004C00494000,0.33499999999999996,33.5
deployed,mid,2024-09-06,sell_short_call,QQQ241004C00494000,0.33499999999999996,33.5
deployed,mid,2024-10-04,short_expiry_settlement,QQQ241004C00494000,,-0.0
deployed,mid,2024-10-04,short_expiry_settlement,QQQ241004C00494000,,-0.0
deployed,mid,2024-10-04,sell_short_call,QQQ241101C00540000,0.11,11.0
deployed,mid,2024-10-04,sell_short_call,QQQ241101C00540000,0.11,11.0
deployed,mid,2024-11-01,short_expiry_settlement,QQQ241101C00540000,,-0.0
deployed,mid,2024-11-01,short_expiry_settlement,QQQ241101C00540000,,-0.0
deployed,mid,2024-11-01,sell_short_call,QQQ241129C00540000,0.225,22.5
deployed,mid,2024-11-01,sell_short_call,QQQ241129C00540000,0.225,22.5
deployed,mid,2024-11-29,short_expiry_settlement,QQQ241129C00540000,,-0.0
deployed,mid,2024-11-29,short_expiry_settlement,QQQ241129C00540000,,-0.0
deployed,mid,2024-11-29,sell_short_call,QQQ241227C00565000,0.07,7.000000000000001
deployed,mid,2024-11-29,sell_short_call,QQQ241227C00565000,0.07,7.000000000000001
deployed,mid,2024-12-27,short_expiry_settlement,QQQ241227C00565000,,-0.0
deployed,mid,2024-12-27,short_expiry_settlement,QQQ241227C00565000,,-0.0
deployed,mid,2024-12-27,sell_short_call,QQQ250124C00575000,0.115,11.5
deployed,mid,2024-12-27,sell_short_call,QQQ250124C00575000,0.115,11.5
deployed,mid,2025-01-24,short_expiry_settlement,QQQ250124C00575000,,-0.0
deployed,mid,2025-01-24,short_expiry_settlement,QQQ250124C00575000,,-0.0
deployed,mid,2025-01-24,sell_short_call,QQQ250221C00585000,0.11,11.0
deployed,mid,2025-01-24,sell_short_call,QQQ250221C00585000,0.11,11.0
deployed,mid,2025-02-21,short_expiry_settlement,QQQ250221C00585000,,-0.0
deployed,mid,2025-02-21,short_expiry_settlement,QQQ250221C00585000,,-0.0
deployed,mid,2025-02-21,sell_short_call,QQQ250321C00580000,0.11,11.0
deployed,mid,2025-02-21,sell_short_call,QQQ250321C00580000,0.11,11.0
deployed,mid,2025-03-10,sell_short_call,QQQ250411C00521000,1.405,140.5
deployed,mid,2025-03-21,short_expiry_settlement,QQQ250321C00580000,,-0.0
deployed,mid,2025-03-21,short_expiry_settlement,QQQ250321C00580000,,-0.0
deployed,mid,2025-03-21,sell_short_call,QQQ250417C00529000,0.255,25.5
deployed,mid,2025-03-21,sell_short_call,QQQ250417C00529000,0.255,25.5
deployed,mid,2025-04-03,sell_short_call,QQQ250502C00496000,1.2650000000000001,126.50000000000001
deployed,mid,2025-04-04,sell_short_call,QQQ250502C00465000,3.99,399.0
deployed,mid,2025-04-07,sell_short_call,QQQ250509C00467000,4.935,493.49999999999994
deployed,mid,2025-04-11,short_expiry_settlement,QQQ250411C00521000,,-0.0
deployed,mid,2025-04-11,sell_short_call,QQQ250509C00500000,1.81,181.0
deployed,mid,2025-04-17,short_expiry_settlement,QQQ250417C00529000,,-0.0
deployed,mid,2025-04-17,short_expiry_settlement,QQQ250417C00529000,,-0.0
deployed,mid,2025-04-17,sell_short_call,QQQ250516C00490000,1.18,118.0
deployed,mid,2025-04-17,sell_short_call,QQQ250516C00490000,1.18,118.0
deployed,mid,2025-05-02,short_expiry_settlement,QQQ250502C00496000,,-0.0
deployed,mid,2025-05-02,short_expiry_settlement,QQQ250502C00465000,,-2382.999999999998
deployed,mid,2025-05-02,sell_short_call,QQQ250530C00538000,0.48,48.0
deployed,mid,2025-05-02,sell_short_call,QQQ250530C00538000,0.48,48.0
deployed,mid,2025-05-09,short_expiry_settlement,QQQ250509C00500000,,-0.0
deployed,mid,2025-05-09,short_expiry_settlement,QQQ250509C00467000,,-2097.0000000000027
deployed,mid,2025-05-09,sell_short_call,QQQ250606C00540000,0.41500000000000004,41.5
deployed,mid,2025-05-09,sell_short_call,QQQ250606C00540000,0.41500000000000004,41.5
deployed,mid,2025-05-16,short_expiry_settlement,QQQ250516C00490000,,-3150.999999999999
deployed,mid,2025-05-16,short_expiry_settlement,QQQ250516C00490000,,-3150.999999999999
deployed,mid,2025-05-16,sell_short_call,QQQ250613C00575000,0.35,35.0
deployed,mid,2025-05-16,sell_short_call,QQQ250613C00575000,0.35,35.0
deployed,mid,2025-05-30,short_expiry_settlement,QQQ250530C00538000,,-0.0
deployed,mid,2025-05-30,short_expiry_settlement,QQQ250530C00538000,,-0.0
deployed,mid,2025-05-30,sell_short_call,QQQ250630C00575000,0.185,18.5
deployed,mid,2025-05-30,sell_short_call,QQQ250630C00575000,0.185,18.5
deployed,mid,2025-06-06,short_expiry_settlement,QQQ250606C00540000,,-0.0
deployed,mid,2025-06-06,short_expiry_settlement,QQQ250606C00540000,,-0.0
deployed,mid,2025-06-06,sell_short_call,QQQ250703C00585000,0.14500000000000002,14.500000000000002
deployed,mid,2025-06-06,sell_short_call,QQQ250703C00585000,0.14500000000000002,14.500000000000002
deployed,mid,2025-06-13,short_expiry_settlement,QQQ250613C00575000,,-0.0
deployed,mid,2025-06-13,short_expiry_settlement,QQQ250613C00575000,,-0.0
deployed,mid,2025-06-13,sell_short_call,QQQ250711C00580000,0.16,16.0
deployed,mid,2025-06-13,sell_short_call,QQQ250711C00580000,0.16,16.0
deployed,mid,2025-06-30,short_expiry_settlement,QQQ250630C00575000,,-0.0
deployed,mid,2025-06-30,short_expiry_settlement,QQQ250630C00575000,,-0.0
deployed,mid,2025-06-30,sell_short_call,QQQ250731C00610000,0.2,20.0
deployed,mid,2025-06-30,sell_short_call,QQQ250731C00610000,0.2,20.0
deployed,mid,2025-07-03,short_expiry_settlement,QQQ250703C00585000,,-0.0
deployed,mid,2025-07-03,short_expiry_settlement,QQQ250703C00585000,,-0.0
deployed,mid,2025-07-07,sell_short_call,QQQ250808C00610000,0.265,26.5
deployed,mid,2025-07-07,sell_short_call,QQQ250808C00610000,0.265,26.5
deployed,mid,2025-07-11,short_expiry_settlement,QQQ250711C00580000,,-0.0
deployed,mid,2025-07-11,short_expiry_settlement,QQQ250711C00580000,,-0.0
deployed,mid,2025-07-11,sell_short_call,QQQ250808C00610000,0.15000000000000002,15.000000000000002
deployed,mid,2025-07-11,sell_short_call,QQQ250808C00610000,0.15000000000000002,15.000000000000002
deployed,mid,2025-07-31,short_expiry_settlement,QQQ250731C00610000,,-0.0
deployed,mid,2025-07-31,short_expiry_settlement,QQQ250731C00610000,,-0.0
deployed,mid,2025-07-31,sell_short_call,QQQ250829C00625000,0.08499999999999999,8.5
deployed,mid,2025-07-31,sell_short_call,QQQ250829C00625000,0.08499999999999999,8.5
deployed,mid,2025-08-08,short_expiry_settlement,QQQ250808C00610000,,-0.0
deployed,mid,2025-08-08,short_expiry_settlement,QQQ250808C00610000,,-0.0
deployed,mid,2025-08-08,short_expiry_settlement,QQQ250808C00610000,,-0.0
deployed,mid,2025-08-08,short_expiry_settlement,QQQ250808C00610000,,-0.0
deployed,mid,2025-08-08,sell_short_call,QQQ250905C00635000,0.060000000000000005,6.000000000000001
deployed,mid,2025-08-08,sell_short_call,QQQ250905C00635000,0.060000000000000005,6.000000000000001
deployed,mid,2025-08-12,buy_to_close_short,QQQ250829C00625000,0.07,-7.000000000000001
deployed,mid,2025-08-29,short_expiry_settlement,QQQ250829C00625000,,-0.0
deployed,mid,2025-08-29,sell_short_call,QQQ250926C00630000,0.065,6.5
deployed,mid,2025-09-05,short_expiry_settlement,QQQ250905C00635000,,-0.0
deployed,mid,2025-09-05,short_expiry_settlement,QQQ250905C00635000,,-0.0
deployed,mid,2025-09-05,sell_short_call,QQQ251003C00635000,0.05,5.0
deployed,mid,2025-09-05,sell_short_call,QQQ251003C00635000,0.05,5.0
deployed,mid,2025-09-15,buy_to_close_short,QQQ250926C00630000,0.065,-6.5
deployed,mid,2025-09-18,buy_to_close_short,QQQ251003C00635000,0.11,-11.0
deployed,mid,2025-10-03,short_expiry_settlement,QQQ251003C00635000,,-0.0
deployed,mid,2025-10-03,sell_short_call,QQQ251031C00665000,0.15000000000000002,15.000000000000002
deployed,mid,2025-10-06,buy_to_close_short,QQQ251031C00665000,0.2,-20.0
deployed,spread_25pct_half,2021-03-04,sell_short_call,QQQ210401C00335000,0.6749999999999999,67.5
deployed,spread_25pct_half,2021-04-01,short_expiry_settlement,QQQ210401C00335000,,-0.0
deployed,spread_25pct_half,2021-04-01,sell_short_call,QQQ210430C00360000,0.20125,20.125
deployed,spread_25pct_half,2021-04-30,short_expiry_settlement,QQQ210430C00360000,,-0.0
deployed,spread_25pct_half,2021-04-30,sell_short_call,QQQ210528C00372000,0.16499999999999998,16.499999999999996
deployed,spread_25pct_half,2021-05-12,sell_short_call,QQQ210611C00349000,0.5750000000000001,57.50000000000001
deployed,spread_25pct_half,2021-05-28,short_expiry_settlement,QQQ210528C00372000,,-0.0
deployed,spread_25pct_half,2021-05-28,sell_short_call,QQQ210628C00370000,0.1175,11.75
deployed,spread_25pct_half,2021-06-11,short_expiry_settlement,QQQ210611C00349000,,-0.0
deployed,spread_25pct_half,2021-06-11,sell_short_call,QQQ210712C00380000,0.07375000000000001,7.375000000000001
deployed,spread_25pct_half,2021-06-28,short_expiry_settlement,QQQ210628C00370000,,-0.0
deployed,spread_25pct_half,2021-06-28,sell_short_call,QQQ210728C00390000,0.10124999999999999,10.125
deployed,spread_25pct_half,2021-07-12,short_expiry_settlement,QQQ210712C00380000,,-0.0
deployed,spread_25pct_half,2021-07-12,sell_short_call,QQQ210811C00400000,0.155,15.5
deployed,spread_25pct_half,2021-07-28,short_expiry_settlement,QQQ210728C00390000,,-0.0
deployed,spread_25pct_half,2021-07-28,sell_short_call,QQQ210827C00404000,0.08125,8.125
deployed,spread_25pct_half,2021-08-11,short_expiry_settlement,QQQ210811C00400000,,-0.0
deployed,spread_25pct_half,2021-08-11,sell_short_call,QQQ210910C00404000,0.0475,4.75
deployed,spread_25pct_half,2021-08-27,short_expiry_settlement,QQQ210827C00404000,,-0.0
deployed,spread_25pct_half,2021-08-27,sell_short_call,QQQ210927C00415000,0.058750000000000004,5.875
deployed,spread_25pct_half,2021-09-10,short_expiry_settlement,QQQ210910C00404000,,-0.0
deployed,spread_25pct_half,2021-09-10,sell_short_call,QQQ211011C00415000,0.06875,6.875000000000001
deployed,spread_25pct_half,2021-09-27,short_expiry_settlement,QQQ210927C00415000,,-0.0
deployed,spread_25pct_half,2021-09-27,sell_short_call,QQQ211027C00408000,0.06875,6.875000000000001
deployed,spread_25pct_half,2021-10-11,short_expiry_settlement,QQQ211011C00415000,,-0.0
deployed,spread_25pct_half,2021-10-11,sell_short_call,QQQ211110C00395000,0.0775,7.75
deployed,spread_25pct_half,2021-10-27,short_expiry_settlement,QQQ211027C00408000,,-0.0
deployed,spread_25pct_half,2021-10-27,sell_short_call,QQQ211126C00420000,0.08125,8.125
deployed,spread_25pct_half,2021-11-10,short_expiry_settlement,QQQ211110C00395000,,-0.0
deployed,spread_25pct_half,2021-11-10,sell_short_call,QQQ211210C00429000,0.23124999999999998,23.125
deployed,spread_25pct_half,2021-11-19,buy_to_close_short,QQQ211210C00429000,0.26875000000000004,-26.875000000000004
deployed,spread_25pct_half,2021-11-19,buy_to_close_short,QQQ211126C00420000,0.0425,-4.25
deployed,spread_25pct_half,2022-01-21,sell_short_call,QQQ220222C00387000,1.1024999999999998,110.24999999999999
deployed,spread_25pct_half,2022-01-24,sell_short_call,QQQ220223C00390000,0.78,78.0
deployed,spread_25pct_half,2022-02-22,short_expiry_settlement,QQQ220222C00387000,,-0.0
deployed,spread_25pct_half,2022-02-22,sell_short_call,QQQ220323C00372000,0.9125,91.25
deployed,spread_25pct_half,2022-02-23,short_expiry_settlement,QQQ220223C00390000,,-0.0
deployed,spread_25pct_half,2022-02-23,sell_short_call,QQQ220325C00362500,1.21875,121.875
deployed,spread_25pct_half,2022-02-23,sell_short_call,QQQ220325C00362500,1.21875,121.875
deployed,spread_25pct_half,2022-03-07,sell_short_call,QQQ220406C00360000,1.1325,113.25
deployed,spread_25pct_half,2022-03-23,short_expiry_settlement,QQQ220323C00372000,,-0.0
deployed,spread_25pct_half,2022-03-23,sell_short_call,QQQ220422C00388000,0.515,51.5
deployed,spread_25pct_half,2022-03-25,short_expiry_settlement,QQQ220325C00362500,,-0.0
deployed,spread_25pct_half,2022-03-25,short_expiry_settlement,QQQ220325C00362500,,-0.0
deployed,spread_25pct_half,2022-03-25,sell_short_call,QQQ220425C00396000,0.385,38.5
deployed,spread_25pct_half,2022-03-25,sell_short_call,QQQ220425C00396000,0.385,38.5
deployed,spread_25pct_half,2022-04-06,short_expiry_settlement,QQQ220406C00360000,,-0.0
deployed,spread_25pct_half,2022-04-06,sell_short_call,QQQ220506C00389000,0.51875,51.87500000000001
deployed,spread_25pct_half,2022-04-22,short_expiry_settlement,QQQ220422C00388000,,-0.0
deployed,spread_25pct_half,2022-04-22,sell_short_call,QQQ220523C00358000,1.0325,103.25
deployed,spread_25pct_half,2022-04-25,short_expiry_settlement,QQQ220425C00396000,,-0.0
deployed,spread_25pct_half,2022-04-25,short_expiry_settlement,QQQ220425C00396000,,-0.0
deployed,spread_25pct_half,2022-04-25,sell_short_call,QQQ220525C00363000,0.8012499999999999,80.12499999999999
deployed,spread_25pct_half,2022-04-25,sell_short_call,QQQ220525C00363000,0.8012499999999999,80.12499999999999
deployed,spread_25pct_half,2022-05-06,short_expiry_settlement,QQQ220506C00389000,,-0.0
deployed,spread_25pct_half,2022-05-06,sell_short_call,QQQ220603C00341000,1.0787499999999999,107.87499999999999
deployed,spread_25pct_half,2022-05-23,short_expiry_settlement,QQQ220523C00358000,,-0.0
deployed,spread_25pct_half,2022-05-23,sell_short_call,QQQ220622C00324000,1.2212500000000002,122.12500000000001
deployed,spread_25pct_half,2022-05-25,short_expiry_settlement,QQQ220525C00363000,,-0.0
deployed,spread_25pct_half,2022-05-25,short_expiry_settlement,QQQ220525C00363000,,-0.0
deployed,spread_25pct_half,2022-05-25,sell_short_call,QQQ220624C00321000,1.3825,138.25
deployed,spread_25pct_half,2022-05-25,sell_short_call,QQQ220624C00321000,1.3825,138.25
deployed,spread_25pct_half,2022-06-03,short_expiry_settlement,QQQ220603C00341000,,-0.0
deployed,spread_25pct_half,2022-06-03,sell_short_call,QQQ220701C00337000,0.86125,86.125
deployed,spread_25pct_half,2022-06-22,short_expiry_settlement,QQQ220622C00324000,,-0.0
deployed,spread_25pct_half,2022-06-22,sell_short_call,QQQ220722C00309000,1.725,172.5
deployed,spread_25pct_half,2022-06-24,short_expiry_settlement,QQQ220624C00321000,,-0.0
deployed,spread_25pct_half,2022-06-24,short_expiry_settlement,QQQ220624C00321000,,-0.0
deployed,spread_25pct_half,2022-06-24,sell_short_call,QQQ220725C00325000,1.11,111.00000000000001
deployed,spread_25pct_half,2022-06-24,sell_short_call,QQQ220725C00325000,1.11,111.00000000000001
deployed,spread_25pct_half,2022-07-01,short_expiry_settlement,QQQ220701C00337000,,-0.0
deployed,spread_25pct_half,2022-07-01,sell_short_call,QQQ220801C00311000,1.2412500000000002,124.12500000000001
deployed,spread_25pct_half,2022-07-22,short_expiry_settlement,QQQ220722C00309000,,-0.0
deployed,spread_25pct_half,2022-07-22,sell_short_call,QQQ220822C00334000,0.6749999999999999,67.5
deployed,spread_25pct_half,2022-07-25,short_expiry_settlement,QQQ220725C00325000,,-0.0
deployed,spread_25pct_half,2022-07-25,short_expiry_settlement,QQQ220725C00325000,,-0.0
deployed,spread_25pct_half,2022-07-25,sell_short_call,QQQ220824C00332000,0.6749999999999999,67.5
deployed,spread_25pct_half,2022-07-25,sell_short_call,QQQ220824C00332000,0.6749999999999999,67.5
deployed,spread_25pct_half,2022-08-01,short_expiry_settlement,QQQ220801C00311000,,-426.9999999999982
deployed,spread_25pct_half,2022-08-01,sell_short_call,QQQ220831C00347000,0.725,72.5
deployed,spread_25pct_half,2022-08-22,short_expiry_settlement,QQQ220822C00334000,,-0.0
deployed,spread_25pct_half,2022-08-22,sell_short_call,QQQ220921C00346000,0.72125,72.125
deployed,spread_25pct_half,2022-08-24,short_expiry_settlement,QQQ220824C00332000,,-0.0
deployed,spread_25pct_half,2022-08-24,short_expiry_settlement,QQQ220824C00332000,,-0.0
deployed,spread_25pct_half,2022-08-24,sell_short_call,QQQ220923C00348000,0.6074999999999999,60.74999999999999
deployed,spread_25pct_half,2022-08-24,sell_short_call,QQQ220923C00348000,0.6074999999999999,60.74999999999999
deployed,spread_25pct_half,2022-08-31,short_expiry_settlement,QQQ220831C00347000,,-0.0
deployed,spread_25pct_half,2022-08-31,sell_short_call,QQQ220930C00330000,0.99375,99.375
deployed,spread_25pct_half,2022-09-21,short_expiry_settlement,QQQ220921C00346000,,-0.0
deployed,spread_25pct_half,2022-09-21,sell_short_call,QQQ221021C00312000,1.4475,144.75
deployed,spread_25pct_half,2022-09-21,sell_short_call,QQQ221021C00312000,1.4475,144.75
deployed,spread_25pct_half,2022-09-23,short_expiry_settlement,QQQ220923C00348000,,-0.0
deployed,spread_25pct_half,2022-09-23,short_expiry_settlement,QQQ220923C00348000,,-0.0
deployed,spread_25pct_half,2022-09-23,sell_short_call,QQQ221024C00304000,1.3875,138.75
deployed,spread_25pct_half,2022-09-23,sell_short_call,QQQ221024C00304000,1.3875,138.75
deployed,spread_25pct_half,2022-09-30,short_expiry_settlement,QQQ220930C00330000,,-0.0
deployed,spread_25pct_half,2022-09-30,sell_short_call,QQQ221031C00294000,1.8050000000000002,180.50000000000003
deployed,spread_25pct_half,2022-10-21,short_expiry_settlement,QQQ221021C00312000,,-0.0
deployed,spread_25pct_half,2022-10-21,short_expiry_settlement,QQQ221021C00312000,,-0.0
deployed,spread_25pct_half,2022-10-21,sell_short_call,QQQ221121C00305000,1.6612500000000001,166.125
deployed,spread_25pct_half,2022-10-21,sell_short_call,QQQ221121C00305000,1.6612500000000001,166.125
deployed,spread_25pct_half,2022-10-24,short_expiry_settlement,QQQ221024C00304000,,-0.0
deployed,spread_25pct_half,2022-10-24,short_expiry_settlement,QQQ221024C00304000,,-0.0
deployed,spread_25pct_half,2022-10-24,sell_short_call,QQQ221123C00310000,1.5550000000000002,155.50000000000003
deployed,spread_25pct_half,2022-10-24,sell_short_call,QQQ221123C00310000,1.5550000000000002,155.50000000000003
deployed,spread_25pct_half,2022-10-31,short_expiry_settlement,QQQ221031C00294000,,-0.0
deployed,spread_25pct_half,2022-10-31,sell_short_call,QQQ221130C00306000,1.35125,135.125
deployed,spread_25pct_half,2022-11-21,short_expiry_settlement,QQQ221121C00305000,,-0.0
deployed,spread_25pct_half,2022-11-21,short_expiry_settlement,QQQ221121C00305000,,-0.0
deployed,spread_25pct_half,2022-11-21,sell_short_call,QQQ221223C00312000,0.805,80.5
deployed,spread_25pct_half,2022-11-21,sell_short_call,QQQ221223C00312000,0.805,80.5
deployed,spread_25pct_half,2022-11-23,short_expiry_settlement,QQQ221123C00310000,,-0.0
deployed,spread_25pct_half,2022-11-23,short_expiry_settlement,QQQ221123C00310000,,-0.0
deployed,spread_25pct_half,2022-11-23,sell_short_call,QQQ221223C00318000,0.50875,50.875
deployed,spread_25pct_half,2022-11-23,sell_short_call,QQQ221223C00318000,0.50875,50.875
deployed,spread_25pct_half,2022-11-30,short_expiry_settlement,QQQ221130C00306000,,-0.0
deployed,spread_25pct_half,2022-11-30,sell_short_call,QQQ221230C00325000,0.46499999999999997,46.5
deployed,spread_25pct_half,2022-12-23,short_expiry_settlement,QQQ221223C00312000,,-0.0
deployed,spread_25pct_half,2022-12-23,short_expiry_settlement,QQQ221223C00318000,,-0.0
deployed,spread_25pct_half,2022-12-23,short_expiry_settlement,QQQ221223C00318000,,-0.0
deployed,spread_25pct_half,2022-12-23,short_expiry_settlement,QQQ221223C00312000,,-0.0
deployed,spread_25pct_half,2022-12-23,sell_short_call,QQQ230120C00295000,0.50375,50.375
deployed,spread_25pct_half,2022-12-23,sell_short_call,QQQ230120C00295000,0.50375,50.375
deployed,spread_25pct_half,2022-12-23,sell_short_call,QQQ230120C00295000,0.50375,50.375
deployed,spread_25pct_half,2022-12-23,sell_short_call,QQQ230120C00295000,0.50375,50.375
deployed,spread_25pct_half,2022-12-30,short_expiry_settlement,QQQ221230C00325000,,-0.0
deployed,spread_25pct_half,2022-12-30,sell_short_call,QQQ230127C00293000,0.5912499999999999,59.12499999999999
deployed,spread_25pct_half,2023-01-20,short_expiry_settlement,QQQ230120C00295000,,-0.0
deployed,spread_25pct_half,2023-01-20,short_expiry_settlement,QQQ230120C00295000,,-0.0
deployed,spread_25pct_half,2023-01-20,short_expiry_settlement,QQQ230120C00295000,,-0.0
deployed,spread_25pct_half,2023-01-20,short_expiry_settlement,QQQ230120C00295000,,-0.0
deployed,spread_25pct_half,2023-01-20,sell_short_call,QQQ230217C00312000,0.3175,31.75
deployed,spread_25pct_half,2023-01-20,sell_short_call,QQQ230217C00312000,0.3175,31.75
deployed,spread_25pct_half,2023-01-20,sell_short_call,QQQ230217C00312000,0.3175,31.75
deployed,spread_25pct_half,2023-01-20,sell_short_call,QQQ230217C00312000,0.3175,31.75
deployed,spread_25pct_half,2023-01-27,short_expiry_settlement,QQQ230127C00293000,,-325.9999999999991
deployed,spread_25pct_half,2023-01-27,sell_short_call,QQQ230224C00330000,0.2475,24.75
deployed,spread_25pct_half,2023-02-17,short_expiry_settlement,QQQ230217C00312000,,-0.0
deployed,spread_25pct_half,2023-02-17,short_expiry_settlement,QQQ230217C00312000,,-0.0
deployed,spread_25pct_half,2023-02-17,short_expiry_settlement,QQQ230217C00312000,,-0.0
deployed,spread_25pct_half,2023-02-17,short_expiry_settlement,QQQ230217C00312000,,-0.0
deployed,spread_25pct_half,2023-02-17,sell_short_call,QQQ230317C00332000,0.28750000000000003,28.750000000000004
deployed,spread_25pct_half,2023-02-17,sell_short_call,QQQ230317C00332000,0.28750000000000003,28.750000000000004
deployed,spread_25pct_half,2023-02-17,sell_short_call,QQQ230317C00332000,0.28750000000000003,28.750000000000004
deployed,spread_25pct_half,2023-02-17,sell_short_call,QQQ230317C00332000,0.28750000000000003,28.750000000000004
deployed,spread_25pct_half,2023-02-24,short_expiry_settlement,QQQ230224C00330000,,-0.0
deployed,spread_25pct_half,2023-02-24,sell_short_call,QQQ230324C00322000,0.42125,42.125
deployed,spread_25pct_half,2023-03-17,short_expiry_settlement,QQQ230317C00332000,,-0.0
deployed,spread_25pct_half,2023-03-17,short_expiry_settlement,QQQ230317C00332000,,-0.0
deployed,spread_25pct_half,2023-03-17,short_expiry_settlement,QQQ230317C00332000,,-0.0
deployed,spread_25pct_half,2023-03-17,short_expiry_settlement,QQQ230317C00332000,,-0.0
deployed,spread_25pct_half,2023-03-17,sell_short_call,QQQ230414C00336000,0.43125,43.125
deployed,spread_25pct_half,2023-03-17,sell_short_call,QQQ230414C00336000,0.43125,43.125
deployed,spread_25pct_half,2023-03-17,sell_short_call,QQQ230414C00336000,0.43125,43.125
deployed,spread_25pct_half,2023-03-17,sell_short_call,QQQ230414C00336000,0.43125,43.125
deployed,spread_25pct_half,2023-03-24,short_expiry_settlement,QQQ230324C00322000,,-0.0
deployed,spread_25pct_half,2023-03-24,sell_short_call,QQQ230421C00342000,0.28375000000000006,28.375000000000007
deployed,spread_25pct_half,2023-04-14,short_expiry_settlement,QQQ230414C00336000,,-0.0
deployed,spread_25pct_half,2023-04-14,short_expiry_settlement,QQQ230414C00336000,,-0.0
deployed,spread_25pct_half,2023-04-14,short_expiry_settlement,QQQ230414C00336000,,-0.0
deployed,spread_25pct_half,2023-04-14,short_expiry_settlement,QQQ230414C00336000,,-0.0
deployed,spread_25pct_half,2023-04-14,sell_short_call,QQQ230512C00352000,0.17124999999999999,17.125
deployed,spread_25pct_half,2023-04-14,sell_short_call,QQQ230512C00352000,0.17124999999999999,17.125
deployed,spread_25pct_half,2023-04-14,sell_short_call,QQQ230512C00352000,0.17124999999999999,17.125
deployed,spread_25pct_half,2023-04-14,sell_short_call,QQQ230512C00352000,0.17124999999999999,17.125
deployed,spread_25pct_half,2023-04-21,short_expiry_settlement,QQQ230421C00342000,,-0.0
deployed,spread_25pct_half,2023-04-21,sell_short_call,QQQ230519C00349000,0.10375000000000001,10.375
deployed,spread_25pct_half,2023-05-12,short_expiry_settlement,QQQ230512C00352000,,-0.0
deployed,spread_25pct_half,2023-05-12,short_expiry_settlement,QQQ230512C00352000,,-0.0
deployed,spread_25pct_half,2023-05-12,short_expiry_settlement,QQQ230512C00352000,,-0.0
deployed,spread_25pct_half,2023-05-12,short_expiry_settlement,QQQ230512C00352000,,-0.0
deployed,spread_25pct_half,2023-05-12,sell_short_call,QQQ230609C00358000,0.0475,4.75
deployed,spread_25pct_half,2023-05-12,sell_short_call,QQQ230609C00358000,0.0475,4.75
deployed,spread_25pct_half,2023-05-12,sell_short_call,QQQ230609C00358000,0.0475,4.75
deployed,spread_25pct_half,2023-05-12,sell_short_call,QQQ230609C00358000,0.0475,4.75
deployed,spread_25pct_half,2023-05-19,short_expiry_settlement,QQQ230519C00349000,,-0.0
deployed,spread_25pct_half,2023-05-19,sell_short_call,QQQ230616C00371000,0.0975,9.75
deployed,spread_25pct_half,2023-06-09,short_expiry_settlement,QQQ230609C00358000,,-0.0
deployed,spread_25pct_half,2023-06-09,short_expiry_settlement,QQQ230609C00358000,,-0.0
deployed,spread_25pct_half,2023-06-09,short_expiry_settlement,QQQ230609C00358000,,-0.0
deployed,spread_25pct_half,2023-06-09,short_expiry_settlement,QQQ230609C00358000,,-0.0
deployed,spread_25pct_half,2023-06-09,sell_short_call,QQQ230707C00390000,0.1275,12.75
deployed,spread_25pct_half,2023-06-09,sell_short_call,QQQ230707C00390000,0.1275,12.75
deployed,spread_25pct_half,2023-06-09,sell_short_call,QQQ230707C00390000,0.1275,12.75
deployed,spread_25pct_half,2023-06-09,sell_short_call,QQQ230707C00390000,0.1275,12.75
deployed,spread_25pct_half,2023-06-14,buy_to_close_short,QQQ230616C00371000,0.93625,-93.625
deployed,spread_25pct_half,2023-06-14,buy_to_close_short,QQQ230707C00390000,0.6225,-62.25000000000001
deployed,spread_25pct_half,2023-06-20,buy_to_close_short,QQQ230707C00390000,0.46874999999999994,-46.87499999999999
deployed,spread_25pct_half,2023-07-07,short_expiry_settlement,QQQ230707C00390000,,-0.0
deployed,spread_25pct_half,2023-07-07,short_expiry_settlement,QQQ230707C00390000,,-0.0
deployed,spread_25pct_half,2023-07-07,sell_short_call,QQQ230804C00405000,0.16749999999999998,16.75
deployed,spread_25pct_half,2023-07-07,sell_short_call,QQQ230804C00405000,0.16749999999999998,16.75
deployed,spread_25pct_half,2023-07-24,buy_to_close_short,QQQ230804C00405000,0.10625000000000001,-10.625000000000002
deployed,spread_25pct_half,2023-08-04,short_expiry_settlement,QQQ230804C00405000,,-0.0
deployed,spread_25pct_half,2023-08-04,sell_short_call,QQQ230901C00410000,0.19375,19.375
deployed,spread_25pct_half,2023-09-01,short_expiry_settlement,QQQ230901C00410000,,-0.0
deployed,spread_25pct_half,2023-09-01,sell_short_call,QQQ230929C00416000,0.05375,5.375
deployed,spread_25pct_half,2023-09-29,short_expiry_settlement,QQQ230929C00416000,,-0.0
deployed,spread_25pct_half,2024-08-05,sell_short_call,QQQ240906C00479000,3.0175,301.75
deployed,spread_25pct_half,2024-08-06,sell_short_call,QQQ240906C00484000,1.14625,114.625
deployed,spread_25pct_half,2024-09-06,short_expiry_settlement,QQQ240906C00479000,,-0.0
deployed,spread_25pct_half,2024-09-06,short_expiry_settlement,QQQ240906C00484000,,-0.0
deployed,spread_25pct_half,2024-09-06,sell_short_call,QQQ241004C00494000,0.33125,33.125
deployed,spread_25pct_half,2024-09-06,sell_short_call,QQQ241004C00494000,0.33125,33.125
deployed,spread_25pct_half,2024-10-04,short_expiry_settlement,QQQ241004C00494000,,-0.0
deployed,spread_25pct_half,2024-10-04,short_expiry_settlement,QQQ241004C00494000,,-0.0
deployed,spread_25pct_half,2024-10-04,sell_short_call,QQQ241101C00540000,0.1075,10.75
deployed,spread_25pct_half,2024-10-04,sell_short_call,QQQ241101C00540000,0.1075,10.75
deployed,spread_25pct_half,2024-11-01,short_expiry_settlement,QQQ241101C00540000,,-0.0
deployed,spread_25pct_half,2024-11-01,short_expiry_settlement,QQQ241101C00540000,,-0.0
deployed,spread_25pct_half,2024-11-01,sell_short_call,QQQ241129C00540000,0.22375,22.375
deployed,spread_25pct_half,2024-11-01,sell_short_call,QQQ241129C00540000,0.22375,22.375
deployed,spread_25pct_half,2024-11-29,short_expiry_settlement,QQQ241129C00540000,,-0.0
deployed,spread_25pct_half,2024-11-29,short_expiry_settlement,QQQ241129C00540000,,-0.0
deployed,spread_25pct_half,2024-11-29,sell_short_call,QQQ241227C00565000,0.0675,6.75
deployed,spread_25pct_half,2024-11-29,sell_short_call,QQQ241227C00565000,0.0675,6.75
deployed,spread_25pct_half,2024-12-27,short_expiry_settlement,QQQ241227C00565000,,-0.0
deployed,spread_25pct_half,2024-12-27,short_expiry_settlement,QQQ241227C00565000,,-0.0
deployed,spread_25pct_half,2024-12-27,sell_short_call,QQQ250124C00575000,0.11125,11.125
deployed,spread_25pct_half,2024-12-27,sell_short_call,QQQ250124C00575000,0.11125,11.125
deployed,spread_25pct_half,2025-01-24,short_expiry_settlement,QQQ250124C00575000,,-0.0
deployed,spread_25pct_half,2025-01-24,short_expiry_settlement,QQQ250124C00575000,,-0.0
deployed,spread_25pct_half,2025-01-24,sell_short_call,QQQ250221C00585000,0.1075,10.75
deployed,spread_25pct_half,2025-01-24,sell_short_call,QQQ250221C00585000,0.1075,10.75
deployed,spread_25pct_half,2025-02-21,short_expiry_settlement,QQQ250221C00585000,,-0.0
deployed,spread_25pct_half,2025-02-21,short_expiry_settlement,QQQ250221C00585000,,-0.0
deployed,spread_25pct_half,2025-02-21,sell_short_call,QQQ250321C00580000,0.1075,10.75
deployed,spread_25pct_half,2025-02-21,sell_short_call,QQQ250321C00580000,0.1075,10.75
deployed,spread_25pct_half,2025-03-10,sell_short_call,QQQ250411C00521000,1.39125,139.125
deployed,spread_25pct_half,2025-03-21,short_expiry_settlement,QQQ250321C00580000,,-0.0
deployed,spread_25pct_half,2025-03-21,short_expiry_settlement,QQQ250321C00580000,,-0.0
deployed,spread_25pct_half,2025-03-21,sell_short_call,QQQ250417C00529000,0.25125,25.124999999999996
deployed,spread_25pct_half,2025-03-21,sell_short_call,QQQ250417C00529000,0.25125,25.124999999999996
deployed,spread_25pct_half,2025-04-03,sell_short_call,QQQ250502C00496000,1.2537500000000001,125.37500000000001
deployed,spread_25pct_half,2025-04-04,sell_short_call,QQQ250502C00465000,3.9475000000000002,394.75
deployed,spread_25pct_half,2025-04-07,sell_short_call,QQQ250509C00467000,4.90375,490.37499999999994
deployed,spread_25pct_half,2025-04-11,short_expiry_settlement,QQQ250411C00521000,,-0.0
deployed,spread_25pct_half,2025-04-11,sell_short_call,QQQ250509C00500000,1.795,179.5
deployed,spread_25pct_half,2025-04-17,short_expiry_settlement,QQQ250417C00529000,,-0.0
deployed,spread_25pct_half,2025-04-17,short_expiry_settlement,QQQ250417C00529000,,-0.0
deployed,spread_25pct_half,2025-04-17,sell_short_call,QQQ250516C00490000,1.1724999999999999,117.24999999999999
deployed,spread_25pct_half,2025-04-17,sell_short_call,QQQ250516C00490000,1.1724999999999999,117.24999999999999
deployed,spread_25pct_half,2025-05-02,short_expiry_settlement,QQQ250502C00496000,,-0.0
deployed,spread_25pct_half,2025-05-02,short_expiry_settlement,QQQ250502C00465000,,-2382.999999999998
deployed,spread_25pct_half,2025-05-02,sell_short_call,QQQ250530C00538000,0.4725,47.25
deployed,spread_25pct_half,2025-05-02,sell_short_call,QQQ250530C00538000,0.4725,47.25
deployed,spread_25pct_half,2025-05-09,short_expiry_settlement,QQQ250509C00500000,,-0.0
deployed,spread_25pct_half,2025-05-09,short_expiry_settlement,QQQ250509C00467000,,-2097.0000000000027
deployed,spread_25pct_half,2025-05-09,sell_short_call,QQQ250606C00540000,0.41125000000000006,41.12500000000001
deployed,spread_25pct_half,2025-05-09,sell_short_call,QQQ250606C00540000,0.41125000000000006,41.12500000000001
deployed,spread_25pct_half,2025-05-16,short_expiry_settlement,QQQ250516C00490000,,-3150.999999999999
deployed,spread_25pct_half,2025-05-16,short_expiry_settlement,QQQ250516C00490000,,-3150.999999999999
deployed,spread_25pct_half,2025-05-16,sell_short_call,QQQ250613C00575000,0.3475,34.75
deployed,spread_25pct_half,2025-05-16,sell_short_call,QQQ250613C00575000,0.3475,34.75
deployed,spread_25pct_half,2025-05-30,short_expiry_settlement,QQQ250530C00538000,,-0.0
deployed,spread_25pct_half,2025-05-30,short_expiry_settlement,QQQ250530C00538000,,-0.0
deployed,spread_25pct_half,2025-05-30,sell_short_call,QQQ250630C00575000,0.18125,18.125
deployed,spread_25pct_half,2025-05-30,sell_short_call,QQQ250630C00575000,0.18125,18.125
deployed,spread_25pct_half,2025-06-06,short_expiry_settlement,QQQ250606C00540000,,-0.0
deployed,spread_25pct_half,2025-06-06,short_expiry_settlement,QQQ250606C00540000,,-0.0
deployed,spread_25pct_half,2025-06-06,sell_short_call,QQQ250703C00585000,0.14125000000000001,14.125000000000002
deployed,spread_25pct_half,2025-06-06,sell_short_call,QQQ250703C00585000,0.14125000000000001,14.125000000000002
deployed,spread_25pct_half,2025-06-13,short_expiry_settlement,QQQ250613C00575000,,-0.0
deployed,spread_25pct_half,2025-06-13,short_expiry_settlement,QQQ250613C00575000,,-0.0
deployed,spread_25pct_half,2025-06-13,sell_short_call,QQQ250711C00580000,0.155,15.5
deployed,spread_25pct_half,2025-06-13,sell_short_call,QQQ250711C00580000,0.155,15.5
deployed,spread_25pct_half,2025-06-30,short_expiry_settlement,QQQ250630C00575000,,-0.0
deployed,spread_25pct_half,2025-06-30,short_expiry_settlement,QQQ250630C00575000,,-0.0
deployed,spread_25pct_half,2025-06-30,sell_short_call,QQQ250731C00610000,0.195,19.5
deployed,spread_25pct_half,2025-06-30,sell_short_call,QQQ250731C00610000,0.195,19.5
deployed,spread_25pct_half,2025-07-03,short_expiry_settlement,QQQ250703C00585000,,-0.0
deployed,spread_25pct_half,2025-07-03,short_expiry_settlement,QQQ250703C00585000,,-0.0
deployed,spread_25pct_half,2025-07-07,sell_short_call,QQQ250808C00610000,0.26125,26.125
deployed,spread_25pct_half,2025-07-07,sell_short_call,QQQ250808C00610000,0.26125,26.125
deployed,spread_25pct_half,2025-07-11,short_expiry_settlement,QQQ250711C00580000,,-0.0
deployed,spread_25pct_half,2025-07-11,short_expiry_settlement,QQQ250711C00580000,,-0.0
deployed,spread_25pct_half,2025-07-11,sell_short_call,QQQ250808C00610000,0.14750000000000002,14.750000000000002
deployed,spread_25pct_half,2025-07-11,sell_short_call,QQQ250808C00610000,0.14750000000000002,14.750000000000002
deployed,spread_25pct_half,2025-07-31,short_expiry_settlement,QQQ250731C00610000,,-0.0
deployed,spread_25pct_half,2025-07-31,short_expiry_settlement,QQQ250731C00610000,,-0.0
deployed,spread_25pct_half,2025-07-31,sell_short_call,QQQ250829C00625000,0.07874999999999999,7.874999999999998
deployed,spread_25pct_half,2025-07-31,sell_short_call,QQQ250829C00625000,0.07874999999999999,7.874999999999998
deployed,spread_25pct_half,2025-08-08,short_expiry_settlement,QQQ250808C00610000,,-0.0
deployed,spread_25pct_half,2025-08-08,short_expiry_settlement,QQQ250808C00610000,,-0.0
deployed,spread_25pct_half,2025-08-08,short_expiry_settlement,QQQ250808C00610000,,-0.0
deployed,spread_25pct_half,2025-08-08,short_expiry_settlement,QQQ250808C00610000,,-0.0
deployed,spread_25pct_half,2025-08-08,sell_short_call,QQQ250905C00635000,0.0575,5.75
deployed,spread_25pct_half,2025-08-08,sell_short_call,QQQ250905C00635000,0.0575,5.75
deployed,spread_25pct_half,2025-08-12,buy_to_close_short,QQQ250829C00625000,0.07250000000000001,-7.250000000000001
deployed,spread_25pct_half,2025-08-29,short_expiry_settlement,QQQ250829C00625000,,-0.0
deployed,spread_25pct_half,2025-08-29,sell_short_call,QQQ250926C00630000,0.06125,6.125
deployed,spread_25pct_half,2025-09-05,short_expiry_settlement,QQQ250905C00635000,,-0.0
deployed,spread_25pct_half,2025-09-05,short_expiry_settlement,QQQ250905C00635000,,-0.0
deployed,spread_25pct_half,2025-09-05,sell_short_call,QQQ251003C00635000,0.0475,4.75
deployed,spread_25pct_half,2025-09-05,sell_short_call,QQQ251003C00635000,0.0475,4.75
deployed,spread_25pct_half,2025-09-18,buy_to_close_short,QQQ250926C00630000,0.0425,-4.25
deployed,spread_25pct_half,2025-09-19,buy_to_close_short,QQQ251003C00635000,0.1225,-12.25
deployed,spread_25pct_half,2025-10-03,short_expiry_settlement,QQQ251003C00635000,,-0.0
deployed,spread_25pct_half,2025-10-03,sell_short_call,QQQ251031C00665000,0.14750000000000002,14.750000000000002
deployed,spread_25pct_half,2025-10-06,buy_to_close_short,QQQ251031C00665000,0.2025,-20.25
deployed,spread_50pct_half,2021-03-04,sell_short_call,QQQ210401C00335000,0.6699999999999999,67.0
deployed,spread_50pct_half,2021-04-01,short_expiry_settlement,QQQ210401C00335000,,-0.0
deployed,spread_50pct_half,2021-04-01,sell_short_call,QQQ210430C00360000,0.1975,19.75
deployed,spread_50pct_half,2021-04-30,short_expiry_settlement,QQQ210430C00360000,,-0.0
deployed,spread_50pct_half,2021-04-30,sell_short_call,QQQ210528C00372000,0.15999999999999998,15.999999999999998
deployed,spread_50pct_half,2021-05-12,sell_short_call,QQQ210611C00349000,0.5700000000000001,57.00000000000001
deployed,spread_50pct_half,2021-05-28,short_expiry_settlement,QQQ210528C00372000,,-0.0
deployed,spread_50pct_half,2021-05-28,sell_short_call,QQQ210628C00370000,0.11499999999999999,11.5
deployed,spread_50pct_half,2021-06-11,short_expiry_settlement,QQQ210611C00349000,,-0.0
deployed,spread_50pct_half,2021-06-11,sell_short_call,QQQ210712C00380000,0.07250000000000001,7.250000000000001
deployed,spread_50pct_half,2021-06-28,short_expiry_settlement,QQQ210628C00370000,,-0.0
deployed,spread_50pct_half,2021-06-28,sell_short_call,QQQ210728C00390000,0.0975,9.75
deployed,spread_50pct_half,2021-07-12,short_expiry_settlement,QQQ210712C00380000,,-0.0
deployed,spread_50pct_half,2021-07-12,sell_short_call,QQQ210811C00400000,0.15000000000000002,15.000000000000002
deployed,spread_50pct_half,2021-07-28,short_expiry_settlement,QQQ210728C00390000,,-0.0
deployed,spread_50pct_half,2021-07-28,sell_short_call,QQQ210827C00404000,0.07750000000000001,7.750000000000002
deployed,spread_50pct_half,2021-08-11,short_expiry_settlement,QQQ210811C00400000,,-0.0
deployed,spread_50pct_half,2021-08-11,sell_short_call,QQQ210910C00404000,0.045000000000000005,4.500000000000001
deployed,spread_50pct_half,2021-08-27,short_expiry_settlement,QQQ210827C00404000,,-0.0
deployed,spread_50pct_half,2021-08-27,sell_short_call,QQQ210927C00415000,0.052500000000000005,5.250000000000001
deployed,spread_50pct_half,2021-09-10,short_expiry_settlement,QQQ210910C00404000,,-0.0
deployed,spread_50pct_half,2021-09-10,sell_short_call,QQQ211011C00415000,0.06250000000000001,6.250000000000002
deployed,spread_50pct_half,2021-09-27,short_expiry_settlement,QQQ210927C00415000,,-0.0
deployed,spread_50pct_half,2021-09-27,sell_short_call,QQQ211027C00408000,0.06250000000000001,6.250000000000002
deployed,spread_50pct_half,2021-10-11,short_expiry_settlement,QQQ211011C00415000,,-0.0
deployed,spread_50pct_half,2021-10-11,sell_short_call,QQQ211110C00395000,0.07500000000000001,7.500000000000001
deployed,spread_50pct_half,2021-10-27,short_expiry_settlement,QQQ211027C00408000,,-0.0
deployed,spread_50pct_half,2021-10-27,sell_short_call,QQQ211126C00420000,0.07750000000000001,7.750000000000002
deployed,spread_50pct_half,2021-11-10,short_expiry_settlement,QQQ211110C00395000,,-0.0
deployed,spread_50pct_half,2021-11-10,sell_short_call,QQQ211210C00429000,0.22749999999999998,22.749999999999996
deployed,spread_50pct_half,2021-11-19,buy_to_close_short,QQQ211126C00420000,0.045,-4.5
deployed,spread_50pct_half,2021-12-10,short_expiry_settlement,QQQ211210C00429000,,-0.0
deployed,spread_50pct_half,2021-12-10,sell_short_call,QQQ220110C00438000,0.1375,13.750000000000002
deployed,spread_50pct_half,2021-12-27,buy_to_close_short,QQQ220110C00438000,0.034999999999999996,-3.4999999999999996
deployed,spread_50pct_half,2022-01-21,sell_short_call,QQQ220222C00387000,1.095,109.5
deployed,spread_50pct_half,2022-01-24,sell_short_call,QQQ220223C00390000,0.77,77.0
deployed,spread_50pct_half,2022-02-22,short_expiry_settlement,QQQ220222C00387000,,-0.0
deployed,spread_50pct_half,2022-02-22,sell_short_call,QQQ220323C00372000,0.9049999999999999,90.49999999999999
deployed,spread_50pct_half,2022-02-23,short_expiry_settlement,QQQ220223C00390000,,-0.0
deployed,spread_50pct_half,2022-02-23,sell_short_call,QQQ220325C00362500,1.2125000000000001,121.25000000000001
deployed,spread_50pct_half,2022-02-23,sell_short_call,QQQ220325C00362500,1.2125000000000001,121.25000000000001
deployed,spread_50pct_half,2022-03-07,sell_short_call,QQQ220406C00360000,1.1250000000000002,112.50000000000003
deployed,spread_50pct_half,2022-03-23,short_expiry_settlement,QQQ220323C00372000,,-0.0
deployed,spread_50pct_half,2022-03-23,sell_short_call,QQQ220422C00388000,0.51,51.0
deployed,spread_50pct_half,2022-03-25,short_expiry_settlement,QQQ220325C00362500,,-0.0
deployed,spread_50pct_half,2022-03-25,short_expiry_settlement,QQQ220325C00362500,,-0.0
deployed,spread_50pct_half,2022-03-25,sell_short_call,QQQ220425C00396000,0.38,38.0
deployed,spread_50pct_half,2022-03-25,sell_short_call,QQQ220425C00396000,0.38,38.0
deployed,spread_50pct_half,2022-04-06,short_expiry_settlement,QQQ220406C00360000,,-0.0
deployed,spread_50pct_half,2022-04-06,sell_short_call,QQQ220506C00389000,0.5125,51.24999999999999
deployed,spread_50pct_half,2022-04-22,short_expiry_settlement,QQQ220422C00388000,,-0.0
deployed,spread_50pct_half,2022-04-22,sell_short_call,QQQ220523C00358000,1.025,102.49999999999999
deployed,spread_50pct_half,2022-04-25,short_expiry_settlement,QQQ220425C00396000,,-0.0
deployed,spread_50pct_half,2022-04-25,short_expiry_settlement,QQQ220425C00396000,,-0.0
deployed,spread_50pct_half,2022-04-25,sell_short_call,QQQ220525C00363000,0.7975,79.75
deployed,spread_50pct_half,2022-04-25,sell_short_call,QQQ220525C00363000,0.7975,79.75
deployed,spread_50pct_half,2022-05-06,short_expiry_settlement,QQQ220506C00389000,,-0.0
deployed,spread_50pct_half,2022-05-06,sell_short_call,QQQ220603C00341000,1.0725,107.25
deployed,spread_50pct_half,2022-05-23,short_expiry_settlement,QQQ220523C00358000,,-0.0
deployed,spread_50pct_half,2022-05-23,sell_short_call,QQQ220622C00324000,1.2175,121.75
deployed,spread_50pct_half,2022-05-25,short_expiry_settlement,QQQ220525C00363000,,-0.0
deployed,spread_50pct_half,2022-05-25,short_expiry_settlement,QQQ220525C00363000,,-0.0
deployed,spread_50pct_half,2022-05-25,sell_short_call,QQQ220624C00321000,1.3750000000000002,137.50000000000003
deployed,spread_50pct_half,2022-05-25,sell_short_call,QQQ220624C00321000,1.3750000000000002,137.50000000000003
deployed,spread_50pct_half,2022-06-03,short_expiry_settlement,QQQ220603C00341000,,-0.0
deployed,spread_50pct_half,2022-06-03,sell_short_call,QQQ220701C00337000,0.8574999999999999,85.75
deployed,spread_50pct_half,2022-06-22,short_expiry_settlement,QQQ220622C00324000,,-0.0
deployed,spread_50pct_half,2022-06-22,sell_short_call,QQQ220722C00309000,1.72,172.0
deployed,spread_50pct_half,2022-06-24,short_expiry_settlement,QQQ220624C00321000,,-0.0
deployed,spread_50pct_half,2022-06-24,short_expiry_settlement,QQQ220624C00321000,,-0.0
deployed,spread_50pct_half,2022-06-24,sell_short_call,QQQ220725C00325000,1.1,110.00000000000001
deployed,spread_50pct_half,2022-06-24,sell_short_call,QQQ220725C00325000,1.1,110.00000000000001
deployed,spread_50pct_half,2022-07-01,short_expiry_settlement,QQQ220701C00337000,,-0.0
deployed,spread_50pct_half,2022-07-01,sell_short_call,QQQ220801C00311000,1.2375,123.75
deployed,spread_50pct_half,2022-07-22,short_expiry_settlement,QQQ220722C00309000,,-0.0
deployed,spread_50pct_half,2022-07-22,sell_short_call,QQQ220822C00334000,0.6699999999999999,67.0
deployed,spread_50pct_half,2022-07-25,short_expiry_settlement,QQQ220725C00325000,,-0.0
deployed,spread_50pct_half,2022-07-25,short_expiry_settlement,QQQ220725C00325000,,-0.0
deployed,spread_50pct_half,2022-07-25,sell_short_call,QQQ220824C00332000,0.6699999999999999,67.0
deployed,spread_50pct_half,2022-07-25,sell_short_call,QQQ220824C00332000,0.6699999999999999,67.0
deployed,spread_50pct_half,2022-08-01,short_expiry_settlement,QQQ220801C00311000,,-426.9999999999982
deployed,spread_50pct_half,2022-08-01,sell_short_call,QQQ220831C00347000,0.72,72.0
deployed,spread_50pct_half,2022-08-22,short_expiry_settlement,QQQ220822C00334000,,-0.0
deployed,spread_50pct_half,2022-08-22,sell_short_call,QQQ220921C00346000,0.7175,71.75
deployed,spread_50pct_half,2022-08-24,short_expiry_settlement,QQQ220824C00332000,,-0.0
deployed,spread_50pct_half,2022-08-24,short_expiry_settlement,QQQ220824C00332000,,-0.0
deployed,spread_50pct_half,2022-08-24,sell_short_call,QQQ220923C00348000,0.605,60.5
deployed,spread_50pct_half,2022-08-24,sell_short_call,QQQ220923C00348000,0.605,60.5
deployed,spread_50pct_half,2022-08-31,short_expiry_settlement,QQQ220831C00347000,,-0.0
deployed,spread_50pct_half,2022-08-31,sell_short_call,QQQ220930C00330000,0.9924999999999999,99.25
deployed,spread_50pct_half,2022-09-21,short_expiry_settlement,QQQ220921C00346000,,-0.0
deployed,spread_50pct_half,2022-09-21,sell_short_call,QQQ221021C00312000,1.4449999999999998,144.49999999999997
deployed,spread_50pct_half,2022-09-23,short_expiry_settlement,QQQ220923C00348000,,-0.0
deployed,spread_50pct_half,2022-09-23,short_expiry_settlement,QQQ220923C00348000,,-0.0
deployed,spread_50pct_half,2022-09-23,sell_short_call,QQQ221024C00304000,1.3849999999999998,138.49999999999997
deployed,spread_50pct_half,2022-09-23,sell_short_call,QQQ221024C00304000,1.3849999999999998,138.49999999999997
deployed,spread_50pct_half,2022-09-23,sell_short_call,QQQ221024C00304000,1.3849999999999998,138.49999999999997
deployed,spread_50pct_half,2022-09-30,short_expiry_settlement,QQQ220930C00330000,,-0.0
deployed,spread_50pct_half,2022-09-30,sell_short_call,QQQ221031C00294000,1.8,180.0
deployed,spread_50pct_half,2022-10-21,short_expiry_settlement,QQQ221021C00312000,,-0.0
deployed,spread_50pct_half,2022-10-21,sell_short_call,QQQ221121C00305000,1.6575,165.75
deployed,spread_50pct_half,2022-10-24,short_expiry_settlement,QQQ221024C00304000,,-0.0
deployed,spread_50pct_half,2022-10-24,short_expiry_settlement,QQQ221024C00304000,,-0.0
deployed,spread_50pct_half,2022-10-24,short_expiry_settlement,QQQ221024C00304000,,-0.0
deployed,spread_50pct_half,2022-10-24,sell_short_call,QQQ221123C00310000,1.55,155.0
deployed,spread_50pct_half,2022-10-24,sell_short_call,QQQ221123C00310000,1.55,155.0
deployed,spread_50pct_half,2022-10-24,sell_short_call,QQQ221123C00310000,1.55,155.0
deployed,spread_50pct_half,2022-10-31,short_expiry_settlement,QQQ221031C00294000,,-0.0
deployed,spread_50pct_half,2022-10-31,sell_short_call,QQQ221130C00306000,1.3475,134.75
deployed,spread_50pct_half,2022-11-21,short_expiry_settlement,QQQ221121C00305000,,-0.0
deployed,spread_50pct_half,2022-11-21,sell_short_call,QQQ221223C00312000,0.8,80.0
deployed,spread_50pct_half,2022-11-23,short_expiry_settlement,QQQ221123C00310000,,-0.0
deployed,spread_50pct_half,2022-11-23,short_expiry_settlement,QQQ221123C00310000,,-0.0
deployed,spread_50pct_half,2022-11-23,short_expiry_settlement,QQQ221123C00310000,,-0.0
deployed,spread_50pct_half,2022-11-23,sell_short_call,QQQ221223C00318000,0.5025,50.24999999999999
deployed,spread_50pct_half,2022-11-23,sell_short_call,QQQ221223C00318000,0.5025,50.24999999999999
deployed,spread_50pct_half,2022-11-23,sell_short_call,QQQ221223C00318000,0.5025,50.24999999999999
deployed,spread_50pct_half,2022-11-30,short_expiry_settlement,QQQ221130C00306000,,-0.0
deployed,spread_50pct_half,2022-11-30,sell_short_call,QQQ221230C00325000,0.45999999999999996,46.0
deployed,spread_50pct_half,2022-12-23,short_expiry_settlement,QQQ221223C00312000,,-0.0
deployed,spread_50pct_half,2022-12-23,short_expiry_settlement,QQQ221223C00318000,,-0.0
deployed,spread_50pct_half,2022-12-23,short_expiry_settlement,QQQ221223C00318000,,-0.0
deployed,spread_50pct_half,2022-12-23,short_expiry_settlement,QQQ221223C00318000,,-0.0
deployed,spread_50pct_half,2022-12-23,sell_short_call,QQQ230120C00295000,0.5025,50.24999999999999
deployed,spread_50pct_half,2022-12-23,sell_short_call,QQQ230120C00295000,0.5025,50.24999999999999
deployed,spread_50pct_half,2022-12-23,sell_short_call,QQQ230120C00295000,0.5025,50.24999999999999
deployed,spread_50pct_half,2022-12-23,sell_short_call,QQQ230120C00295000,0.5025,50.24999999999999
deployed,spread_50pct_half,2022-12-30,short_expiry_settlement,QQQ221230C00325000,,-0.0
deployed,spread_50pct_half,2022-12-30,sell_short_call,QQQ230127C00293000,0.5874999999999999,58.74999999999999
deployed,spread_50pct_half,2023-01-20,short_expiry_settlement,QQQ230120C00295000,,-0.0
deployed,spread_50pct_half,2023-01-20,short_expiry_settlement,QQQ230120C00295000,,-0.0
deployed,spread_50pct_half,2023-01-20,short_expiry_settlement,QQQ230120C00295000,,-0.0
deployed,spread_50pct_half,2023-01-20,short_expiry_settlement,QQQ230120C00295000,,-0.0
deployed,spread_50pct_half,2023-01-20,sell_short_call,QQQ230217C00312000,0.315,31.5
deployed,spread_50pct_half,2023-01-20,sell_short_call,QQQ230217C00312000,0.315,31.5
deployed,spread_50pct_half,2023-01-20,sell_short_call,QQQ230217C00312000,0.315,31.5
deployed,spread_50pct_half,2023-01-20,sell_short_call,QQQ230217C00312000,0.315,31.5
deployed,spread_50pct_half,2023-01-27,short_expiry_settlement,QQQ230127C00293000,,-325.9999999999991
deployed,spread_50pct_half,2023-01-27,sell_short_call,QQQ230224C00330000,0.245,24.5
deployed,spread_50pct_half,2023-02-17,short_expiry_settlement,QQQ230217C00312000,,-0.0
deployed,spread_50pct_half,2023-02-17,short_expiry_settlement,QQQ230217C00312000,,-0.0
deployed,spread_50pct_half,2023-02-17,short_expiry_settlement,QQQ230217C00312000,,-0.0
deployed,spread_50pct_half,2023-02-17,short_expiry_settlement,QQQ230217C00312000,,-0.0
deployed,spread_50pct_half,2023-02-17,sell_short_call,QQQ230317C00332000,0.28500000000000003,28.500000000000004
deployed,spread_50pct_half,2023-02-17,sell_short_call,QQQ230317C00332000,0.28500000000000003,28.500000000000004
deployed,spread_50pct_half,2023-02-17,sell_short_call,QQQ230317C00332000,0.28500000000000003,28.500000000000004
deployed,spread_50pct_half,2023-02-17,sell_short_call,QQQ230317C00332000,0.28500000000000003,28.500000000000004
deployed,spread_50pct_half,2023-02-24,short_expiry_settlement,QQQ230224C00330000,,-0.0
deployed,spread_50pct_half,2023-02-24,sell_short_call,QQQ230324C00322000,0.4175,41.75
deployed,spread_50pct_half,2023-03-17,short_expiry_settlement,QQQ230317C00332000,,-0.0
deployed,spread_50pct_half,2023-03-17,short_expiry_settlement,QQQ230317C00332000,,-0.0
deployed,spread_50pct_half,2023-03-17,short_expiry_settlement,QQQ230317C00332000,,-0.0
deployed,spread_50pct_half,2023-03-17,short_expiry_settlement,QQQ230317C00332000,,-0.0
deployed,spread_50pct_half,2023-03-17,sell_short_call,QQQ230414C00336000,0.4275,42.75
deployed,spread_50pct_half,2023-03-17,sell_short_call,QQQ230414C00336000,0.4275,42.75
deployed,spread_50pct_half,2023-03-17,sell_short_call,QQQ230414C00336000,0.4275,42.75
deployed,spread_50pct_half,2023-03-17,sell_short_call,QQQ230414C00336000,0.4275,42.75
deployed,spread_50pct_half,2023-03-24,short_expiry_settlement,QQQ230324C00322000,,-0.0
deployed,spread_50pct_half,2023-03-24,sell_short_call,QQQ230421C00342000,0.28250000000000003,28.250000000000004
deployed,spread_50pct_half,2023-04-14,short_expiry_settlement,QQQ230414C00336000,,-0.0
deployed,spread_50pct_half,2023-04-14,short_expiry_settlement,QQQ230414C00336000,,-0.0
deployed,spread_50pct_half,2023-04-14,short_expiry_settlement,QQQ230414C00336000,,-0.0
deployed,spread_50pct_half,2023-04-14,short_expiry_settlement,QQQ230414C00336000,,-0.0
deployed,spread_50pct_half,2023-04-14,sell_short_call,QQQ230512C00352000,0.16749999999999998,16.75
deployed,spread_50pct_half,2023-04-14,sell_short_call,QQQ230512C00352000,0.16749999999999998,16.75
deployed,spread_50pct_half,2023-04-14,sell_short_call,QQQ230512C00352000,0.16749999999999998,16.75
deployed,spread_50pct_half,2023-04-14,sell_short_call,QQQ230512C00352000,0.16749999999999998,16.75
deployed,spread_50pct_half,2023-04-21,short_expiry_settlement,QQQ230421C00342000,,-0.0
deployed,spread_50pct_half,2023-04-21,sell_short_call,QQQ230519C00349000,0.10250000000000001,10.25
deployed,spread_50pct_half,2023-05-12,short_expiry_settlement,QQQ230512C00352000,,-0.0
deployed,spread_50pct_half,2023-05-12,short_expiry_settlement,QQQ230512C00352000,,-0.0
deployed,spread_50pct_half,2023-05-12,short_expiry_settlement,QQQ230512C00352000,,-0.0
deployed,spread_50pct_half,2023-05-12,short_expiry_settlement,QQQ230512C00352000,,-0.0
deployed,spread_50pct_half,2023-05-12,sell_short_call,QQQ230609C00358000,0.045000000000000005,4.500000000000001
deployed,spread_50pct_half,2023-05-12,sell_short_call,QQQ230609C00358000,0.045000000000000005,4.500000000000001
deployed,spread_50pct_half,2023-05-12,sell_short_call,QQQ230609C00358000,0.045000000000000005,4.500000000000001
deployed,spread_50pct_half,2023-05-12,sell_short_call,QQQ230609C00358000,0.045000000000000005,4.500000000000001
deployed,spread_50pct_half,2023-05-19,short_expiry_settlement,QQQ230519C00349000,,-0.0
deployed,spread_50pct_half,2023-05-19,sell_short_call,QQQ230616C00371000,0.095,9.5
deployed,spread_50pct_half,2023-06-09,short_expiry_settlement,QQQ230609C00358000,,-0.0
deployed,spread_50pct_half,2023-06-09,short_expiry_settlement,QQQ230609C00358000,,-0.0
deployed,spread_50pct_half,2023-06-09,short_expiry_settlement,QQQ230609C00358000,,-0.0
deployed,spread_50pct_half,2023-06-09,short_expiry_settlement,QQQ230609C00358000,,-0.0
deployed,spread_50pct_half,2023-06-09,sell_short_call,QQQ230707C00390000,0.125,12.5
deployed,spread_50pct_half,2023-06-09,sell_short_call,QQQ230707C00390000,0.125,12.5
deployed,spread_50pct_half,2023-06-09,sell_short_call,QQQ230707C00390000,0.125,12.5
deployed,spread_50pct_half,2023-06-09,sell_short_call,QQQ230707C00390000,0.125,12.5
deployed,spread_50pct_half,2023-06-14,buy_to_close_short,QQQ230616C00371000,0.9375,-93.75
deployed,spread_50pct_half,2023-06-14,buy_to_close_short,QQQ230707C00390000,0.625,-62.5
deployed,spread_50pct_half,2023-06-20,buy_to_close_short,QQQ230707C00390000,0.4725,-47.25
deployed,spread_50pct_half,2023-06-30,buy_to_close_short,QQQ230707C00390000,0.037500000000000006,-3.7500000000000004
deployed,spread_50pct_half,2023-07-07,short_expiry_settlement,QQQ230707C00390000,,-0.0
deployed,spread_50pct_half,2023-07-07,sell_short_call,QQQ230804C00405000,0.16499999999999998,16.499999999999996
deployed,spread_50pct_half,2023-07-24,buy_to_close_short,QQQ230804C00405000,0.10750000000000001,-10.750000000000002
deployed,spread_50pct_half,2024-08-05,sell_short_call,QQQ240906C00479000,2.995,299.5
deployed,spread_50pct_half,2024-08-06,sell_short_call,QQQ240906C00484000,1.1275,112.75
deployed,spread_50pct_half,2024-09-06,short_expiry_settlement,QQQ240906C00479000,,-0.0
deployed,spread_50pct_half,2024-09-06,short_expiry_settlement,QQQ240906C00484000,,-0.0
deployed,spread_50pct_half,2024-09-06,sell_short_call,QQQ241004C00494000,0.32749999999999996,32.74999999999999
deployed,spread_50pct_half,2024-09-06,sell_short_call,QQQ241004C00494000,0.32749999999999996,32.74999999999999
deployed,spread_50pct_half,2024-10-04,short_expiry_settlement,QQQ241004C00494000,,-0.0
deployed,spread_50pct_half,2024-10-04,short_expiry_settlement,QQQ241004C00494000,,-0.0
deployed,spread_50pct_half,2024-10-04,sell_short_call,QQQ241101C00540000,0.10500000000000001,10.500000000000002
deployed,spread_50pct_half,2024-10-04,sell_short_call,QQQ241101C00540000,0.10500000000000001,10.500000000000002
deployed,spread_50pct_half,2024-11-01,short_expiry_settlement,QQQ241101C00540000,,-0.0
deployed,spread_50pct_half,2024-11-01,short_expiry_settlement,QQQ241101C00540000,,-0.0
deployed,spread_50pct_half,2024-11-01,sell_short_call,QQQ241129C00540000,0.2225,22.25
deployed,spread_50pct_half,2024-11-01,sell_short_call,QQQ241129C00540000,0.2225,22.25
deployed,spread_50pct_half,2024-11-29,short_expiry_settlement,QQQ241129C00540000,,-0.0
deployed,spread_50pct_half,2024-11-29,short_expiry_settlement,QQQ241129C00540000,,-0.0
deployed,spread_50pct_half,2024-11-29,sell_short_call,QQQ241227C00565000,0.065,6.5
deployed,spread_50pct_half,2024-11-29,sell_short_call,QQQ241227C00565000,0.065,6.5
deployed,spread_50pct_half,2024-12-27,short_expiry_settlement,QQQ241227C00565000,,-0.0
deployed,spread_50pct_half,2024-12-27,short_expiry_settlement,QQQ241227C00565000,,-0.0
deployed,spread_50pct_half,2024-12-27,sell_short_call,QQQ250124C00575000,0.10750000000000001,10.750000000000002
deployed,spread_50pct_half,2024-12-27,sell_short_call,QQQ250124C00575000,0.10750000000000001,10.750000000000002
deployed,spread_50pct_half,2025-01-24,short_expiry_settlement,QQQ250124C00575000,,-0.0
deployed,spread_50pct_half,2025-01-24,short_expiry_settlement,QQQ250124C00575000,,-0.0
deployed,spread_50pct_half,2025-01-24,sell_short_call,QQQ250221C00585000,0.10500000000000001,10.500000000000002
deployed,spread_50pct_half,2025-01-24,sell_short_call,QQQ250221C00585000,0.10500000000000001,10.500000000000002
deployed,spread_50pct_half,2025-02-21,short_expiry_settlement,QQQ250221C00585000,,-0.0
deployed,spread_50pct_half,2025-02-21,short_expiry_settlement,QQQ250221C00585000,,-0.0
deployed,spread_50pct_half,2025-02-21,sell_short_call,QQQ250321C00580000,0.10500000000000001,10.500000000000002
deployed,spread_50pct_half,2025-02-21,sell_short_call,QQQ250321C00580000,0.10500000000000001,10.500000000000002
deployed,spread_50pct_half,2025-03-10,sell_short_call,QQQ250411C00521000,1.3775,137.75
deployed,spread_50pct_half,2025-03-21,short_expiry_settlement,QQQ250321C00580000,,-0.0
deployed,spread_50pct_half,2025-03-21,short_expiry_settlement,QQQ250321C00580000,,-0.0
deployed,spread_50pct_half,2025-03-21,sell_short_call,QQQ250417C00529000,0.2475,24.75
deployed,spread_50pct_half,2025-03-21,sell_short_call,QQQ250417C00529000,0.2475,24.75
deployed,spread_50pct_half,2025-04-03,sell_short_call,QQQ250502C00496000,1.2425000000000002,124.25000000000001
deployed,spread_50pct_half,2025-04-04,sell_short_call,QQQ250502C00465000,3.9050000000000002,390.5
deployed,spread_50pct_half,2025-04-07,sell_short_call,QQQ250509C00467000,4.8725,487.24999999999994
deployed,spread_50pct_half,2025-04-11,short_expiry_settlement,QQQ250411C00521000,,-0.0
deployed,spread_50pct_half,2025-04-11,sell_short_call,QQQ250509C00500000,1.78,178.0
deployed,spread_50pct_half,2025-04-17,short_expiry_settlement,QQQ250417C00529000,,-0.0
deployed,spread_50pct_half,2025-04-17,short_expiry_settlement,QQQ250417C00529000,,-0.0
deployed,spread_50pct_half,2025-04-17,sell_short_call,QQQ250516C00490000,1.165,116.5
deployed,spread_50pct_half,2025-04-17,sell_short_call,QQQ250516C00490000,1.165,116.5
deployed,spread_50pct_half,2025-05-02,short_expiry_settlement,QQQ250502C00496000,,-0.0
deployed,spread_50pct_half,2025-05-02,short_expiry_settlement,QQQ250502C00465000,,-2382.999999999998
deployed,spread_50pct_half,2025-05-02,sell_short_call,QQQ250530C00538000,0.46499999999999997,46.5
deployed,spread_50pct_half,2025-05-02,sell_short_call,QQQ250530C00538000,0.46499999999999997,46.5
deployed,spread_50pct_half,2025-05-09,short_expiry_settlement,QQQ250509C00500000,,-0.0
deployed,spread_50pct_half,2025-05-09,short_expiry_settlement,QQQ250509C00467000,,-2097.0000000000027
deployed,spread_50pct_half,2025-05-09,sell_short_call,QQQ250606C00540000,0.40750000000000003,40.75
deployed,spread_50pct_half,2025-05-09,sell_short_call,QQQ250606C00540000,0.40750000000000003,40.75
deployed,spread_50pct_half,2025-05-16,short_expiry_settlement,QQQ250516C00490000,,-3150.999999999999
deployed,spread_50pct_half,2025-05-16,short_expiry_settlement,QQQ250516C00490000,,-3150.999999999999
deployed,spread_50pct_half,2025-05-16,sell_short_call,QQQ250613C00575000,0.345,34.5
deployed,spread_50pct_half,2025-05-16,sell_short_call,QQQ250613C00575000,0.345,34.5
deployed,spread_50pct_half,2025-05-30,short_expiry_settlement,QQQ250530C00538000,,-0.0
deployed,spread_50pct_half,2025-05-30,short_expiry_settlement,QQQ250530C00538000,,-0.0
deployed,spread_50pct_half,2025-05-30,sell_short_call,QQQ250630C00575000,0.1775,17.75
deployed,spread_50pct_half,2025-05-30,sell_short_call,QQQ250630C00575000,0.1775,17.75
deployed,spread_50pct_half,2025-06-06,short_expiry_settlement,QQQ250606C00540000,,-0.0
deployed,spread_50pct_half,2025-06-06,short_expiry_settlement,QQQ250606C00540000,,-0.0
deployed,spread_50pct_half,2025-06-06,sell_short_call,QQQ250703C00585000,0.1375,13.750000000000002
deployed,spread_50pct_half,2025-06-06,sell_short_call,QQQ250703C00585000,0.1375,13.750000000000002
deployed,spread_50pct_half,2025-06-13,short_expiry_settlement,QQQ250613C00575000,,-0.0
deployed,spread_50pct_half,2025-06-13,short_expiry_settlement,QQQ250613C00575000,,-0.0
deployed,spread_50pct_half,2025-06-13,sell_short_call,QQQ250711C00580000,0.15000000000000002,15.000000000000002
deployed,spread_50pct_half,2025-06-13,sell_short_call,QQQ250711C00580000,0.15000000000000002,15.000000000000002
deployed,spread_50pct_half,2025-06-30,short_expiry_settlement,QQQ250630C00575000,,-0.0
deployed,spread_50pct_half,2025-06-30,short_expiry_settlement,QQQ250630C00575000,,-0.0
deployed,spread_50pct_half,2025-06-30,sell_short_call,QQQ250731C00610000,0.19,19.0
deployed,spread_50pct_half,2025-06-30,sell_short_call,QQQ250731C00610000,0.19,19.0
deployed,spread_50pct_half,2025-07-03,short_expiry_settlement,QQQ250703C00585000,,-0.0
deployed,spread_50pct_half,2025-07-03,short_expiry_settlement,QQQ250703C00585000,,-0.0
deployed,spread_50pct_half,2025-07-07,sell_short_call,QQQ250808C00610000,0.2575,25.75
deployed,spread_50pct_half,2025-07-07,sell_short_call,QQQ250808C00610000,0.2575,25.75
deployed,spread_50pct_half,2025-07-11,short_expiry_settlement,QQQ250711C00580000,,-0.0
deployed,spread_50pct_half,2025-07-11,short_expiry_settlement,QQQ250711C00580000,,-0.0
deployed,spread_50pct_half,2025-07-11,sell_short_call,QQQ250808C00610000,0.14500000000000002,14.500000000000002
deployed,spread_50pct_half,2025-07-11,sell_short_call,QQQ250808C00610000,0.14500000000000002,14.500000000000002
deployed,spread_50pct_half,2025-07-31,short_expiry_settlement,QQQ250731C00610000,,-0.0
deployed,spread_50pct_half,2025-07-31,short_expiry_settlement,QQQ250731C00610000,,-0.0
deployed,spread_50pct_half,2025-07-31,sell_short_call,QQQ250829C00625000,0.0725,7.249999999999999
deployed,spread_50pct_half,2025-07-31,sell_short_call,QQQ250829C00625000,0.0725,7.249999999999999
deployed,spread_50pct_half,2025-08-08,short_expiry_settlement,QQQ250808C00610000,,-0.0
deployed,spread_50pct_half,2025-08-08,short_expiry_settlement,QQQ250808C00610000,,-0.0
deployed,spread_50pct_half,2025-08-08,short_expiry_settlement,QQQ250808C00610000,,-0.0
deployed,spread_50pct_half,2025-08-08,short_expiry_settlement,QQQ250808C00610000,,-0.0
deployed,spread_50pct_half,2025-08-08,sell_short_call,QQQ250905C00635000,0.05500000000000001,5.500000000000001
deployed,spread_50pct_half,2025-08-08,sell_short_call,QQQ250905C00635000,0.05500000000000001,5.500000000000001
deployed,spread_50pct_half,2025-08-29,short_expiry_settlement,QQQ250829C00625000,,-0.0
deployed,spread_50pct_half,2025-08-29,short_expiry_settlement,QQQ250829C00625000,,-0.0
deployed,spread_50pct_half,2025-08-29,sell_short_call,QQQ250926C00630000,0.0575,5.75
deployed,spread_50pct_half,2025-08-29,sell_short_call,QQQ250926C00630000,0.0575,5.75
deployed,spread_50pct_half,2025-09-05,short_expiry_settlement,QQQ250905C00635000,,-0.0
deployed,spread_50pct_half,2025-09-05,short_expiry_settlement,QQQ250905C00635000,,-0.0
deployed,spread_50pct_half,2025-09-05,sell_short_call,QQQ251003C00635000,0.045000000000000005,4.500000000000001
deployed,spread_50pct_half,2025-09-05,sell_short_call,QQQ251003C00635000,0.045000000000000005,4.500000000000001
deployed,spread_50pct_half,2025-09-12,buy_to_close_short,QQQ250926C00630000,0.055,-5.5
deployed,spread_50pct_half,2025-09-18,buy_to_close_short,QQQ250926C00630000,0.045,-4.5
deployed,spread_50pct_half,2025-09-19,buy_to_close_short,QQQ251003C00635000,0.125,-12.5
deployed,spread_50pct_half,2025-10-03,short_expiry_settlement,QQQ251003C00635000,,-0.0
deployed,spread_50pct_half,2025-10-03,sell_short_call,QQQ251031C00665000,0.14500000000000002,14.500000000000002
deployed,spread_50pct_half,2025-10-06,buy_to_close_short,QQQ251031C00665000,0.20500000000000002,-20.5
deployed,ask_buy_bid_sell,2021-03-04,sell_short_call,QQQ210401C00335000,0.6599999999999999,65.99999999999999
deployed,ask_buy_bid_sell,2021-04-01,short_expiry_settlement,QQQ210401C00335000,,-0.0
deployed,ask_buy_bid_sell,2021-04-01,sell_short_call,QQQ210430C00360000,0.19,19.0
deployed,ask_buy_bid_sell,2021-04-30,short_expiry_settlement,QQQ210430C00360000,,-0.0
deployed,ask_buy_bid_sell,2021-04-30,sell_short_call,QQQ210528C00372000,0.14999999999999997,14.999999999999996
deployed,ask_buy_bid_sell,2021-05-12,sell_short_call,QQQ210611C00349000,0.56,56.00000000000001
deployed,ask_buy_bid_sell,2021-05-28,short_expiry_settlement,QQQ210528C00372000,,-0.0
deployed,ask_buy_bid_sell,2021-05-28,sell_short_call,QQQ210628C00370000,0.10999999999999999,10.999999999999998
deployed,ask_buy_bid_sell,2021-06-11,short_expiry_settlement,QQQ210611C00349000,,-0.0
deployed,ask_buy_bid_sell,2021-06-11,sell_short_call,QQQ210712C00380000,0.07,7.000000000000001
deployed,ask_buy_bid_sell,2021-06-28,short_expiry_settlement,QQQ210628C00370000,,-0.0
deployed,ask_buy_bid_sell,2021-06-28,sell_short_call,QQQ210728C00390000,0.09,9.0
deployed,ask_buy_bid_sell,2021-07-12,short_expiry_settlement,QQQ210712C00380000,,-0.0
deployed,ask_buy_bid_sell,2021-07-12,sell_short_call,QQQ210811C00400000,0.14,14.000000000000002
deployed,ask_buy_bid_sell,2021-07-28,short_expiry_settlement,QQQ210728C00390000,,-0.0
deployed,ask_buy_bid_sell,2021-07-28,sell_short_call,QQQ210827C00404000,0.07,7.000000000000001
deployed,ask_buy_bid_sell,2021-08-11,short_expiry_settlement,QQQ210811C00400000,,-0.0
deployed,ask_buy_bid_sell,2021-08-11,sell_short_call,QQQ210910C00404000,0.04000000000000001,4.000000000000001
deployed,ask_buy_bid_sell,2021-08-27,short_expiry_settlement,QQQ210827C00404000,,-0.0
deployed,ask_buy_bid_sell,2021-08-27,sell_short_call,QQQ210927C00415000,0.04000000000000001,4.000000000000001
deployed,ask_buy_bid_sell,2021-09-10,short_expiry_settlement,QQQ210910C00404000,,-0.0
deployed,ask_buy_bid_sell,2021-09-10,sell_short_call,QQQ211011C00415000,0.05000000000000001,5.000000000000001
deployed,ask_buy_bid_sell,2021-09-27,short_expiry_settlement,QQQ210927C00415000,,-0.0
deployed,ask_buy_bid_sell,2021-09-27,sell_short_call,QQQ211027C00408000,0.05000000000000001,5.000000000000001
deployed,ask_buy_bid_sell,2021-10-11,short_expiry_settlement,QQQ211011C00415000,,-0.0
deployed,ask_buy_bid_sell,2021-10-11,sell_short_call,QQQ211110C00395000,0.07,7.000000000000001
deployed,ask_buy_bid_sell,2021-10-27,short_expiry_settlement,QQQ211027C00408000,,-0.0
deployed,ask_buy_bid_sell,2021-10-27,sell_short_call,QQQ211126C00420000,0.07,7.000000000000001
deployed,ask_buy_bid_sell,2021-11-10,short_expiry_settlement,QQQ211110C00395000,,-0.0
deployed,ask_buy_bid_sell,2021-11-10,sell_short_call,QQQ211210C00429000,0.21999999999999997,21.999999999999996
deployed,ask_buy_bid_sell,2021-11-26,short_expiry_settlement,QQQ211126C00420000,,-0.0
deployed,ask_buy_bid_sell,2021-11-26,sell_short_call,QQQ211227C00432000,0.03999999999999998,3.9999999999999982
deployed,ask_buy_bid_sell,2021-12-10,short_expiry_settlement,QQQ211210C00429000,,-0.0
deployed,ask_buy_bid_sell,2021-12-10,sell_short_call,QQQ220110C00438000,0.13,13.0
deployed,ask_buy_bid_sell,2021-12-27,short_expiry_settlement,QQQ211227C00432000,,-0.0
deployed,ask_buy_bid_sell,2021-12-27,sell_short_call,QQQ220126C00445000,0.14,14.000000000000002
deployed,ask_buy_bid_sell,2022-01-10,short_expiry_settlement,QQQ220110C00438000,,-0.0
deployed,ask_buy_bid_sell,2022-01-10,sell_short_call,QQQ220209C00419000,0.24,24.0
deployed,ask_buy_bid_sell,2022-01-25,sell_short_call,QQQ220223C00380000,0.8799999999999999,87.99999999999999
deployed,ask_buy_bid_sell,2022-01-26,short_expiry_settlement,QQQ220126C00445000,,-0.0
deployed,ask_buy_bid_sell,2022-01-26,sell_short_call,QQQ220225C00380000,1.0,100.0
deployed,ask_buy_bid_sell,2022-02-09,short_expiry_settlement,QQQ220209C00419000,,-0.0
deployed,ask_buy_bid_sell,2022-02-09,sell_short_call,QQQ220311C00405000,0.28,28.000000000000004
deployed,ask_buy_bid_sell,2022-02-23,short_expiry_settlement,QQQ220223C00380000,,-0.0
deployed,ask_buy_bid_sell,2022-02-23,sell_short_call,QQQ220325C00362500,1.2000000000000002,120.00000000000001
deployed,ask_buy_bid_sell,2022-02-25,short_expiry_settlement,QQQ220225C00380000,,-0.0
deployed,ask_buy_bid_sell,2022-02-25,sell_short_call,QQQ220328C00385000,0.42,42.0
deployed,ask_buy_bid_sell,2022-03-11,short_expiry_settlement,QQQ220311C00405000,,-0.0
deployed,ask_buy_bid_sell,2022-03-11,sell_short_call,QQQ220411C00358000,1.09,109.00000000000001
deployed,ask_buy_bid_sell,2022-03-25,short_expiry_settlement,QQQ220325C00362500,,-0.0
deployed,ask_buy_bid_sell,2022-03-25,sell_short_call,QQQ220425C00396000,0.37,37.0
deployed,ask_buy_bid_sell,2022-03-28,short_expiry_settlement,QQQ220328C00385000,,-0.0
deployed,ask_buy_bid_sell,2022-04-11,short_expiry_settlement,QQQ220411C00358000,,-0.0
deployed,ask_buy_bid_sell,2022-04-11,sell_short_call,QQQ220511C00375000,0.69,69.0
deployed,ask_buy_bid_sell,2022-04-25,short_expiry_settlement,QQQ220425C00396000,,-0.0
deployed,ask_buy_bid_sell,2022-04-25,sell_short_call,QQQ220525C00363000,0.79,79.0
deployed,ask_buy_bid_sell,2022-04-26,sell_short_call,QQQ220525C00349000,1.14,113.99999999999999
deployed,ask_buy_bid_sell,2022-05-11,short_expiry_settlement,QQQ220511C00375000,,-0.0
deployed,ask_buy_bid_sell,2022-05-11,sell_short_call,QQQ220610C00322000,2.25,225.0
deployed,ask_buy_bid_sell,2022-05-25,short_expiry_settlement,QQQ220525C00363000,,-0.0
deployed,ask_buy_bid_sell,2022-05-25,short_expiry_settlement,QQQ220525C00349000,,-0.0
deployed,ask_buy_bid_sell,2022-05-25,sell_short_call,QQQ220624C00321000,1.3600000000000003,136.00000000000003
deployed,ask_buy_bid_sell,2022-05-25,sell_short_call,QQQ220624C00321000,1.3600000000000003,136.00000000000003
deployed,ask_buy_bid_sell,2022-06-10,short_expiry_settlement,QQQ220610C00322000,,-0.0
deployed,ask_buy_bid_sell,2022-06-10,sell_short_call,QQQ220711C00318000,1.2400000000000002,124.00000000000003
deployed,ask_buy_bid_sell,2022-06-24,short_expiry_settlement,QQQ220624C00321000,,-0.0
deployed,ask_buy_bid_sell,2022-06-24,short_expiry_settlement,QQQ220624C00321000,,-0.0
deployed,ask_buy_bid_sell,2022-06-24,sell_short_call,QQQ220725C00325000,1.08,108.0
deployed,ask_buy_bid_sell,2022-06-24,sell_short_call,QQQ220725C00325000,1.08,108.0
deployed,ask_buy_bid_sell,2022-07-11,short_expiry_settlement,QQQ220711C00318000,,-0.0
deployed,ask_buy_bid_sell,2022-07-11,sell_short_call,QQQ220810C00318000,1.1999999999999997,119.99999999999997
deployed,ask_buy_bid_sell,2022-07-25,short_expiry_settlement,QQQ220725C00325000,,-0.0
deployed,ask_buy_bid_sell,2022-07-25,short_expiry_settlement,QQQ220725C00325000,,-0.0
deployed,ask_buy_bid_sell,2022-07-25,buy_to_close_short,QQQ220810C00318000,1.21,-121.0
deployed,ask_buy_bid_sell,2022-07-25,sell_short_call,QQQ220824C00332000,0.6599999999999999,65.99999999999999
deployed,ask_buy_bid_sell,2022-07-25,sell_short_call,QQQ220824C00332000,0.6599999999999999,65.99999999999999
deployed,ask_buy_bid_sell,2022-08-24,short_expiry_settlement,QQQ220824C00332000,,-0.0
deployed,ask_buy_bid_sell,2022-08-24,short_expiry_settlement,QQQ220824C00332000,,-0.0
deployed,ask_buy_bid_sell,2022-08-24,sell_short_call,QQQ220923C00348000,0.6,60.0
deployed,ask_buy_bid_sell,2022-08-24,sell_short_call,QQQ220923C00348000,0.6,60.0
deployed,ask_buy_bid_sell,2022-09-21,sell_short_call,QQQ221021C00312000,1.44,144.0
deployed,ask_buy_bid_sell,2022-09-23,short_expiry_settlement,QQQ220923C00348000,,-0.0
deployed,ask_buy_bid_sell,2022-09-23,short_expiry_settlement,QQQ220923C00348000,,-0.0
deployed,ask_buy_bid_sell,2022-09-23,sell_short_call,QQQ221024C00304000,1.38,138.0
deployed,ask_buy_bid_sell,2022-09-23,sell_short_call,QQQ221024C00304000,1.38,138.0
deployed,ask_buy_bid_sell,2022-10-21,short_expiry_settlement,QQQ221021C00312000,,-0.0
deployed,ask_buy_bid_sell,2022-10-21,sell_short_call,QQQ221121C00305000,1.65,165.0
deployed,ask_buy_bid_sell,2022-10-24,short_expiry_settlement,QQQ221024C00304000,,-0.0
deployed,ask_buy_bid_sell,2022-10-24,short_expiry_settlement,QQQ221024C00304000,,-0.0
deployed,ask_buy_bid_sell,2022-10-24,sell_short_call,QQQ221123C00310000,1.54,154.0
deployed,ask_buy_bid_sell,2022-10-24,sell_short_call,QQQ221123C00310000,1.54,154.0
deployed,ask_buy_bid_sell,2022-11-21,short_expiry_settlement,QQQ221121C00305000,,-0.0
deployed,ask_buy_bid_sell,2022-11-21,sell_short_call,QQQ221223C00312000,0.79,79.0
deployed,ask_buy_bid_sell,2022-11-23,short_expiry_settlement,QQQ221123C00310000,,-0.0
deployed,ask_buy_bid_sell,2022-11-23,short_expiry_settlement,QQQ221123C00310000,,-0.0
deployed,ask_buy_bid_sell,2022-11-23,sell_short_call,QQQ221223C00318000,0.49,49.0
deployed,ask_buy_bid_sell,2022-11-23,sell_short_call,QQQ221223C00318000,0.49,49.0
deployed,ask_buy_bid_sell,2022-12-23,short_expiry_settlement,QQQ221223C00318000,,-0.0
deployed,ask_buy_bid_sell,2022-12-23,short_expiry_settlement,QQQ221223C00318000,,-0.0
deployed,ask_buy_bid_sell,2022-12-23,short_expiry_settlement,QQQ221223C00312000,,-0.0
deployed,ask_buy_bid_sell,2022-12-23,sell_short_call,QQQ230120C00295000,0.5,50.0
deployed,ask_buy_bid_sell,2022-12-23,sell_short_call,QQQ230120C00295000,0.5,50.0
deployed,ask_buy_bid_sell,2022-12-23,sell_short_call,QQQ230120C00295000,0.5,50.0
deployed,ask_buy_bid_sell,2023-01-20,short_expiry_settlement,QQQ230120C00295000,,-0.0
deployed,ask_buy_bid_sell,2023-01-20,short_expiry_settlement,QQQ230120C00295000,,-0.0
deployed,ask_buy_bid_sell,2023-01-20,short_expiry_settlement,QQQ230120C00295000,,-0.0
deployed,ask_buy_bid_sell,2023-01-20,sell_short_call,QQQ230217C00312000,0.31,31.0
deployed,ask_buy_bid_sell,2023-01-20,sell_short_call,QQQ230217C00312000,0.31,31.0
deployed,ask_buy_bid_sell,2023-01-20,sell_short_call,QQQ230217C00312000,0.31,31.0
deployed,ask_buy_bid_sell,2023-02-17,short_expiry_settlement,QQQ230217C00312000,,-0.0
deployed,ask_buy_bid_sell,2023-02-17,short_expiry_settlement,QQQ230217C00312000,,-0.0
deployed,ask_buy_bid_sell,2023-02-17,short_expiry_settlement,QQQ230217C00312000,,-0.0
deployed,ask_buy_bid_sell,2023-02-17,sell_short_call,QQQ230317C00332000,0.28,28.000000000000004
deployed,ask_buy_bid_sell,2023-02-17,sell_short_call,QQQ230317C00332000,0.28,28.000000000000004
deployed,ask_buy_bid_sell,2023-02-17,sell_short_call,QQQ230317C00332000,0.28,28.000000000000004
deployed,ask_buy_bid_sell,2023-03-17,short_expiry_settlement,QQQ230317C00332000,,-0.0
deployed,ask_buy_bid_sell,2023-03-17,short_expiry_settlement,QQQ230317C00332000,,-0.0
deployed,ask_buy_bid_sell,2023-03-17,short_expiry_settlement,QQQ230317C00332000,,-0.0
deployed,ask_buy_bid_sell,2023-03-17,sell_short_call,QQQ230414C00336000,0.42,42.0
deployed,ask_buy_bid_sell,2023-03-17,sell_short_call,QQQ230414C00336000,0.42,42.0
deployed,ask_buy_bid_sell,2023-03-17,sell_short_call,QQQ230414C00336000,0.42,42.0
deployed,ask_buy_bid_sell,2023-04-14,short_expiry_settlement,QQQ230414C00336000,,-0.0
deployed,ask_buy_bid_sell,2023-04-14,short_expiry_settlement,QQQ230414C00336000,,-0.0
deployed,ask_buy_bid_sell,2023-04-14,short_expiry_settlement,QQQ230414C00336000,,-0.0
deployed,ask_buy_bid_sell,2023-04-14,sell_short_call,QQQ230512C00352000,0.15999999999999998,15.999999999999998
deployed,ask_buy_bid_sell,2023-04-14,sell_short_call,QQQ230512C00352000,0.15999999999999998,15.999999999999998
deployed,ask_buy_bid_sell,2023-04-14,sell_short_call,QQQ230512C00352000,0.15999999999999998,15.999999999999998
deployed,ask_buy_bid_sell,2023-05-12,short_expiry_settlement,QQQ230512C00352000,,-0.0
deployed,ask_buy_bid_sell,2023-05-12,short_expiry_settlement,QQQ230512C00352000,,-0.0
deployed,ask_buy_bid_sell,2023-05-12,short_expiry_settlement,QQQ230512C00352000,,-0.0
deployed,ask_buy_bid_sell,2023-05-12,sell_short_call,QQQ230609C00358000,0.04000000000000001,4.000000000000001
deployed,ask_buy_bid_sell,2023-05-12,sell_short_call,QQQ230609C00358000,0.04000000000000001,4.000000000000001
deployed,ask_buy_bid_sell,2023-05-12,sell_short_call,QQQ230609C00358000,0.04000000000000001,4.000000000000001
deployed,ask_buy_bid_sell,2023-06-09,short_expiry_settlement,QQQ230609C00358000,,-0.0
deployed,ask_buy_bid_sell,2023-06-09,short_expiry_settlement,QQQ230609C00358000,,-0.0
deployed,ask_buy_bid_sell,2023-06-09,short_expiry_settlement,QQQ230609C00358000,,-0.0
deployed,ask_buy_bid_sell,2023-06-09,sell_short_call,QQQ230707C00390000,0.12,12.0
deployed,ask_buy_bid_sell,2023-06-09,sell_short_call,QQQ230707C00390000,0.12,12.0
deployed,ask_buy_bid_sell,2023-06-09,sell_short_call,QQQ230707C00390000,0.12,12.0
deployed,ask_buy_bid_sell,2023-06-20,buy_to_close_short,QQQ230707C00390000,0.48,-48.0
deployed,ask_buy_bid_sell,2023-07-07,short_expiry_settlement,QQQ230707C00390000,,-0.0
deployed,ask_buy_bid_sell,2023-07-07,short_expiry_settlement,QQQ230707C00390000,,-0.0
deployed,ask_buy_bid_sell,2023-07-07,sell_short_call,QQQ230804C00405000,0.15999999999999998,15.999999999999998
deployed,ask_buy_bid_sell,2023-07-07,sell_short_call,QQQ230804C00405000,0.15999999999999998,15.999999999999998
deployed,ask_buy_bid_sell,2023-07-13,buy_to_close_short,QQQ230804C00405000,0.52,-52.0
deployed,ask_buy_bid_sell,2023-08-04,short_expiry_settlement,QQQ230804C00405000,,-0.0
deployed,ask_buy_bid_sell,2023-08-04,sell_short_call,QQQ230901C00410000,0.19,19.0
deployed,ask_buy_bid_sell,2023-09-01,short_expiry_settlement,QQQ230901C00410000,,-0.0
deployed,ask_buy_bid_sell,2023-09-01,sell_short_call,QQQ230929C00416000,0.05,5.0
deployed,ask_buy_bid_sell,2023-09-29,short_expiry_settlement,QQQ230929C00416000,,-0.0
deployed,ask_buy_bid_sell,2024-08-05,sell_short_call,QQQ240906C00479000,2.95,295.0
deployed,ask_buy_bid_sell,2024-08-06,sell_short_call,QQQ240906C00484000,1.09,109.00000000000001
deployed,ask_buy_bid_sell,2024-09-06,short_expiry_settlement,QQQ240906C00479000,,-0.0
deployed,ask_buy_bid_sell,2024-09-06,short_expiry_settlement,QQQ240906C00484000,,-0.0
deployed,ask_buy_bid_sell,2024-09-06,sell_short_call,QQQ241004C00494000,0.31999999999999995,31.999999999999996
deployed,ask_buy_bid_sell,2024-09-06,sell_short_call,QQQ241004C00494000,0.31999999999999995,31.999999999999996
deployed,ask_buy_bid_sell,2024-10-04,short_expiry_settlement,QQQ241004C00494000,,-0.0
deployed,ask_buy_bid_sell,2024-10-04,short_expiry_settlement,QQQ241004C00494000,,-0.0
deployed,ask_buy_bid_sell,2024-10-04,sell_short_call,QQQ241101C00540000,0.1,10.0
deployed,ask_buy_bid_sell,2024-10-04,sell_short_call,QQQ241101C00540000,0.1,10.0
deployed,ask_buy_bid_sell,2024-11-01,short_expiry_settlement,QQQ241101C00540000,,-0.0
deployed,ask_buy_bid_sell,2024-11-01,short_expiry_settlement,QQQ241101C00540000,,-0.0
deployed,ask_buy_bid_sell,2024-11-01,sell_short_call,QQQ241129C00540000,0.22,22.0
deployed,ask_buy_bid_sell,2024-11-01,sell_short_call,QQQ241129C00540000,0.22,22.0
deployed,ask_buy_bid_sell,2024-11-29,short_expiry_settlement,QQQ241129C00540000,,-0.0
deployed,ask_buy_bid_sell,2024-11-29,short_expiry_settlement,QQQ241129C00540000,,-0.0
deployed,ask_buy_bid_sell,2024-11-29,sell_short_call,QQQ241227C00565000,0.060000000000000005,6.000000000000001
deployed,ask_buy_bid_sell,2024-11-29,sell_short_call,QQQ241227C00565000,0.060000000000000005,6.000000000000001
deployed,ask_buy_bid_sell,2024-12-27,short_expiry_settlement,QQQ241227C00565000,,-0.0
deployed,ask_buy_bid_sell,2024-12-27,short_expiry_settlement,QQQ241227C00565000,,-0.0
deployed,ask_buy_bid_sell,2024-12-27,sell_short_call,QQQ250124C00575000,0.1,10.0
deployed,ask_buy_bid_sell,2024-12-27,sell_short_call,QQQ250124C00575000,0.1,10.0
deployed,ask_buy_bid_sell,2025-01-24,short_expiry_settlement,QQQ250124C00575000,,-0.0
deployed,ask_buy_bid_sell,2025-01-24,short_expiry_settlement,QQQ250124C00575000,,-0.0
deployed,ask_buy_bid_sell,2025-01-24,sell_short_call,QQQ250221C00585000,0.1,10.0
deployed,ask_buy_bid_sell,2025-01-24,sell_short_call,QQQ250221C00585000,0.1,10.0
deployed,ask_buy_bid_sell,2025-02-21,short_expiry_settlement,QQQ250221C00585000,,-0.0
deployed,ask_buy_bid_sell,2025-02-21,short_expiry_settlement,QQQ250221C00585000,,-0.0
deployed,ask_buy_bid_sell,2025-02-21,sell_short_call,QQQ250321C00580000,0.1,10.0
deployed,ask_buy_bid_sell,2025-02-21,sell_short_call,QQQ250321C00580000,0.1,10.0
deployed,ask_buy_bid_sell,2025-03-10,sell_short_call,QQQ250411C00521000,1.35,135.0
deployed,ask_buy_bid_sell,2025-03-21,short_expiry_settlement,QQQ250321C00580000,,-0.0
deployed,ask_buy_bid_sell,2025-03-21,short_expiry_settlement,QQQ250321C00580000,,-0.0
deployed,ask_buy_bid_sell,2025-03-21,sell_short_call,QQQ250417C00529000,0.24,24.0
deployed,ask_buy_bid_sell,2025-03-21,sell_short_call,QQQ250417C00529000,0.24,24.0
deployed,ask_buy_bid_sell,2025-04-03,sell_short_call,QQQ250502C00496000,1.2200000000000002,122.00000000000001
deployed,ask_buy_bid_sell,2025-04-11,short_expiry_settlement,QQQ250411C00521000,,-0.0
deployed,ask_buy_bid_sell,2025-04-11,sell_short_call,QQQ250509C00500000,1.75,175.0
deployed,ask_buy_bid_sell,2025-04-17,short_expiry_settlement,QQQ250417C00529000,,-0.0
deployed,ask_buy_bid_sell,2025-04-17,short_expiry_settlement,QQQ250417C00529000,,-0.0
deployed,ask_buy_bid_sell,2025-04-17,sell_short_call,QQQ250516C00490000,1.15,114.99999999999999
deployed,ask_buy_bid_sell,2025-04-17,sell_short_call,QQQ250516C00490000,1.15,114.99999999999999
deployed,ask_buy_bid_sell,2025-05-02,short_expiry_settlement,QQQ250502C00496000,,-0.0
deployed,ask_buy_bid_sell,2025-05-02,sell_short_call,QQQ250530C00538000,0.44999999999999996,44.99999999999999
deployed,ask_buy_bid_sell,2025-05-09,short_expiry_settlement,QQQ250509C00500000,,-0.0
deployed,ask_buy_bid_sell,2025-05-09,sell_short_call,QQQ250606C00540000,0.4,40.0
deployed,ask_buy_bid_sell,2025-05-16,short_expiry_settlement,QQQ250516C00490000,,-3150.999999999999
deployed,ask_buy_bid_sell,2025-05-16,short_expiry_settlement,QQQ250516C00490000,,-3150.999999999999
deployed,ask_buy_bid_sell,2025-05-16,sell_short_call,QQQ250613C00575000,0.33999999999999997,34.0
deployed,ask_buy_bid_sell,2025-05-16,sell_short_call,QQQ250613C00575000,0.33999999999999997,34.0
deployed,ask_buy_bid_sell,2025-05-30,short_expiry_settlement,QQQ250530C00538000,,-0.0
deployed,ask_buy_bid_sell,2025-05-30,sell_short_call,QQQ250630C00575000,0.16999999999999998,17.0
deployed,ask_buy_bid_sell,2025-06-06,short_expiry_settlement,QQQ250606C00540000,,-0.0
deployed,ask_buy_bid_sell,2025-06-06,sell_short_call,QQQ250703C00585000,0.13,13.0
deployed,ask_buy_bid_sell,2025-06-13,short_expiry_settlement,QQQ250613C00575000,,-0.0
deployed,ask_buy_bid_sell,2025-06-13,short_expiry_settlement,QQQ250613C00575000,,-0.0
deployed,ask_buy_bid_sell,2025-06-13,sell_short_call,QQQ250711C00580000,0.14,14.000000000000002
deployed,ask_buy_bid_sell,2025-06-13,sell_short_call,QQQ250711C00580000,0.14,14.000000000000002
deployed,ask_buy_bid_sell,2025-06-30,short_expiry_settlement,QQQ250630C00575000,,-0.0
deployed,ask_buy_bid_sell,2025-06-30,sell_short_call,QQQ250731C00610000,0.18,18.0
deployed,ask_buy_bid_sell,2025-07-03,short_expiry_settlement,QQQ250703C00585000,,-0.0
deployed,ask_buy_bid_sell,2025-07-07,sell_short_call,QQQ250808C00610000,0.25,25.0
deployed,ask_buy_bid_sell,2025-07-11,short_expiry_settlement,QQQ250711C00580000,,-0.0
deployed,ask_buy_bid_sell,2025-07-11,short_expiry_settlement,QQQ250711C00580000,,-0.0
deployed,ask_buy_bid_sell,2025-07-11,sell_short_call,QQQ250808C00610000,0.14,14.000000000000002
deployed,ask_buy_bid_sell,2025-07-11,sell_short_call,QQQ250808C00610000,0.14,14.000000000000002
deployed,ask_buy_bid_sell,2025-07-31,short_expiry_settlement,QQQ250731C00610000,,-0.0
deployed,ask_buy_bid_sell,2025-07-31,sell_short_call,QQQ250829C00625000,0.05999999999999999,5.999999999999999
deployed,ask_buy_bid_sell,2025-08-08,short_expiry_settlement,QQQ250808C00610000,,-0.0
deployed,ask_buy_bid_sell,2025-08-08,short_expiry_settlement,QQQ250808C00610000,,-0.0
deployed,ask_buy_bid_sell,2025-08-08,short_expiry_settlement,QQQ250808C00610000,,-0.0
deployed,ask_buy_bid_sell,2025-08-08,sell_short_call,QQQ250905C00635000,0.05,5.0
deployed,ask_buy_bid_sell,2025-08-29,short_expiry_settlement,QQQ250829C00625000,,-0.0
deployed,ask_buy_bid_sell,2025-08-29,sell_short_call,QQQ250926C00630000,0.05,5.0
deployed,ask_buy_bid_sell,2025-09-05,short_expiry_settlement,QQQ250905C00635000,,-0.0
deployed,ask_buy_bid_sell,2025-09-05,sell_short_call,QQQ251003C00635000,0.04000000000000001,4.000000000000001
deployed,ask_buy_bid_sell,2025-09-12,buy_to_close_short,QQQ250926C00630000,0.06,-6.0
deployed,ask_buy_bid_sell,2025-10-03,short_expiry_settlement,QQQ251003C00635000,,-0.0
deployed,ask_buy_bid_sell,2025-10-03,sell_short_call,QQQ251031C00665000,0.14,14.000000000000002
deployed,ask_buy_bid_sell,2025-10-08,buy_to_close_short,QQQ251031C00665000,0.21000000000000002,-21.000000000000004
