recordType,section,metric,value,label,startDate,endDate,tradingDays,totalReturn,cagr,annualizedVolatility,sharpe,maxDrawdown,entryDate,exitDate,regime,quantity,vixStdBand,sigma2SignalTag,sigma2Count60,sigma2Count20,entryUnderlying,exitUnderlying,strike,entryCost,leapsExitValue,shortCallPremiumCollected,shortCallSettlements,shortCallCloseCost,shortCallNetCash,totalExitValue,pnl,pnlPct,ageDays,entryRsi,entryVix,entryVixMean,entryVixStd,vixThreshold,buyReason,sellReason,rawReason
summary,strategy_summary,symbol,QQQ,,,,,,,,,,,,,,,,,,,,,,,,,,,,,,,,,,,,,,
summary,strategy_summary,backtestStart,2012-01-01,,,,,,,,,,,,,,,,,,,,,,,,,,,,,,,,,,,,,,
summary,strategy_summary,backtestEnd,2026-03-31,,,,,,,,,,,,,,,,,,,,,,,,,,,,,,,,,,,,,,
summary,strategy_summary,model,Approximate Black-Scholes LEAPS without short call overlay using Yahoo adjusted close and trailing realized volatility,,,,,,,,,,,,,,,,,,,,,,,,,,,,,,,,,,,,,,
summary,strategy_summary,entries,57,,,,,,,,,,,,,,,,,,,,,,,,,,,,,,,,,,,,,,
summary,strategy_summary,contractsEntered,70,,,,,,,,,,,,,,,,,,,,,,,,,,,,,,,,,,,,,,
summary,strategy_summary,closedTrades,55,,,,,,,,,,,,,,,,,,,,,,,,,,,,,,,,,,,,,,
summary,strategy_summary,openPositions,2,,,,,,,,,,,,,,,,,,,,,,,,,,,,,,,,,,,,,,
summary,strategy_summary,wins,51,,,,,,,,,,,,,,,,,,,,,,,,,,,,,,,,,,,,,,
summary,strategy_summary,losses,4,,,,,,,,,,,,,,,,,,,,,,,,,,,,,,,,,,,,,,
summary,strategy_summary,winRate,0.92727273,,,,,,,,,,,,,,,,,,,,,,,,,,,,,,,,,,,,,,
summary,strategy_summary,initialCapital,20000,,,,,,,,,,,,,,,,,,,,,,,,,,,,,,,,,,,,,,
summary,strategy_summary,skippedSignalsInsufficientCash,0,,,,,,,,,,,,,,,,,,,,,,,,,,,,,,,,,,,,,,
summary,strategy_summary,endingEquity,309632.61337912,,,,,,,,,,,,,,,,,,,,,,,,,,,,,,,,,,,,,,
summary,strategy_summary,totalPnl,289632.61337912,,,,,,,,,,,,,,,,,,,,,,,,,,,,,,,,,,,,,,
summary,strategy_summary,multipleOnInitialCapital,15.48163067,,,,,,,,,,,,,,,,,,,,,,,,,,,,,,,,,,,,,,
summary,strategy_summary,cagr,0.21206245,,,,,,,,,,,,,,,,,,,,,,,,,,,,,,,,,,,,,,
summary,strategy_summary,maxDrawdown,-0.45421523,,,,,,,,,,,,,,,,,,,,,,,,,,,,,,,,,,,,,,
summary,strategy_summary,availableCash,284413.59578099,,,,,,,,,,,,,,,,,,,,,,,,,,,,,,,,,,,,,,
summary,strategy_summary,endingOpenLeapsValue,25219.01759813,,,,,,,,,,,,,,,,,,,,,,,,,,,,,,,,,,,,,,
summary,strategy_summary,endingShortCallLiability,0,,,,,,,,,,,,,,,,,,,,,,,,,,,,,,,,,,,,,,
summary,strategy_assumptions,signal,RSI(14) < 35 with tiered VIX entry filters,,,,,,,,,,,,,,,,,,,,,,,,,,,,,,,,,,,,,,
summary,strategy_assumptions,option,"~730 days to expiry, target delta 0.7",,,,,,,,,,,,,,,,,,,,,,,,,,,,,,,,,,,,,,
summary,strategy_assumptions,sigma1,"mean+1std <= VIX < mean+2std -> buy 1 contract max once per week, exits <12m +120%, 12-15m +60%, 16-18m +30%",,,,,,,,,,,,,,,,,,,,,,,,,,,,,,,,,,,,,,
summary,strategy_assumptions,sigma2First,"first RSI<35 and VIX >= mean+2std signal in the last 60 trading days -> buy 1 contract, exits <12m +150%, 12-15m +80%, 16-18m +30%",,,,,,,,,,,,,,,,,,,,,,,,,,,,,,,,,,,,,,
summary,strategy_assumptions,sigma2Repeat,"second or later RSI<35 and VIX >= mean+2std signal in the last 20 trading days -> buy 2 contracts, or 1 if cash only covers one, exits <12m +150%, 12-15m +80%, 16-18m +30%",,,,,,,,,,,,,,,,,,,,,,,,,,,,,,,,,,,,,,
summary,strategy_assumptions,sigma2GapAssumption,"if a sigma2 day is not the first sigma2 signal in the last 60 trading days and also not the second-or-later sigma2 signal in the last 20 trading days, no sigma2 entry is taken",,,,,,,,,,,,,,,,,,,,,,,,,,,,,,,,,,,,,,
summary,strategy_assumptions,shortCallOverlay,disabled for comparison run,,,,,,,,,,,,,,,,,,,,,,,,,,,,,,,,,,,,,,
summary,strategy_assumptions,shortCallIvAssumption,not applicable because short call overlay is disabled,,,,,,,,,,,,,,,,,,,,,,,,,,,,,,,,,,,,,,
summary,strategy_assumptions,forcedExit,force exit LEAPS at 180 days to expiry,,,,,,,,,,,,,,,,,,,,,,,,,,,,,,,,,,,,,,
summary,strategy_assumptions,capital,start with $20000 and do not add capital later,,,,,,,,,,,,,,,,,,,,,,,,,,,,,,,,,,,,,,
summary,strategy_assumptions,sizingAssumption,"sigma1 requires enough cash for 1 contract; sigma2 repeat buys 2 if possible, otherwise 1 if cash covers one contract; otherwise the signal is skipped",,,,,,,,,,,,,,,,,,,,,,,,,,,,,,,,,,,,,,
summary,strategy_assumptions,riskFreeRate,0.03,,,,,,,,,,,,,,,,,,,,,,,,,,,,,,,,,,,,,,
summary,comparison_metrics,,,Strategy,2016-03-01,2026-03-31,2536,11.11062781,0.28070421,0.38236573,0.75659551,-0.45421523,,,,,,,,,,,,,,,,,,,,,,,,,,,,,
summary,comparison_metrics,,,Nasdaq Composite,2016-03-01,2026-03-31,2536,3.60393859,0.16354091,0.21900228,0.66603802,-0.3639528,,,,,,,,,,,,,,,,,,,,,,,,,,,,,
summary,comparison_metrics,,,S&P 500,2016-03-01,2026-03-31,2536,2.29998236,0.12573387,0.17988836,0.58338307,-0.3392496,,,,,,,,,,,,,,,,,,,,,,,,,,,,,
trade,trade_log,,,,,,,,,,,,2014-10-13,2015-07-17,sigma1_weekly_1lot,1,1,,,,85.17,104.94,82,1184.9855,2642.583,0,0,0,0,2642.583,1457.5975,1.230055,277,31.4465,24.64,17.706,6.2173,23.9233,"RSI(14) 31.4465 < 35; VIX 24.64 >= 23.9233; mean + 1*std <= VIX < mean + 2*std, buy 1 contract max once per week; no short call overlay",held <12 months and reached +120% profit,take_profit_120_before_12m
trade,trade_log,,,,,,,,,,,,2015-08-21,2016-08-22,sigma1_weekly_1lot,1,1,,,,94.6021,109.6239,91,1429.4674,2346.3264,0,0,0,0,2346.3264,916.859,0.641399,367,24.7407,28.03,17.2398,5.8253,23.0651,"RSI(14) 24.7407 < 35; VIX 28.03 >= 23.0651; mean + 1*std <= VIX < mean + 2*std, buy 1 contract max once per week; no short call overlay",held 12-15 months and reached +60% profit,take_profit_60_12_to_15m
trade,trade_log,,,,,,,,,,,,2015-08-24,2016-08-23,sigma2_first_60d_1lot,1,2,first_in_60d,1,1,90.9622,109.8201,87,1429.979,2673.9732,0,0,0,0,2673.9732,1243.9942,0.869939,365,19.5554,40.74,17.2599,5.8633,28.9865,"RSI(14) 19.5554 < 35; VIX 40.74 >= 28.9865; first RSI<35 and VIX >= mean + 2*std signal in the last 60 trading days, buy 1 contract; no short call overlay",held 12-15 months and reached +80% profit,take_profit_80_12_to_15m
trade,trade_log,,,,,,,,,,,,2015-08-25,2016-08-24,sigma2_repeat_20d_2lot,2,2,second_or_later_in_20d,2,2,90.6203,109.1101,87,2812.26,5221.2978,0,0,0,0,5221.2978,2409.0378,0.85662,365,19.1495,36.02,17.276,5.8864,29.0487,"RSI(14) 19.1495 < 35; VIX 36.02 >= 29.0487; second or later RSI<35 and VIX >= mean + 2*std signal in the last 20 trading days, buy 2 contracts, or 1 if cash is insufficient for 2; no short call overlay",held 12-15 months and reached +80% profit,take_profit_80_12_to_15m
trade,trade_log,,,,,,,,,,,,2015-09-28,2016-09-27,sigma1_weekly_1lot,1,1,,,,92.6004,110.9755,88,1594.8233,2658.5253,0,0,0,0,2658.5253,1063.702,0.666972,365,34.7682,27.63,17.4221,5.9351,23.3571,"RSI(14) 34.7682 < 35; VIX 27.63 >= 23.3571; mean + 1*std <= VIX < mean + 2*std, buy 1 contract max once per week; no short call overlay",held 12-15 months and reached +60% profit,take_profit_60_12_to_15m
trade,trade_log,,,,,,,,,,,,2016-01-19,2017-01-18,sigma1_weekly_1lot,1,1,,,,93.8772,115.568,89,1693.8043,2957.1968,0,0,0,0,2957.1968,1263.3925,0.74589,365,31.4974,26.05,17.4706,5.8193,23.2899,"RSI(14) 31.4974 < 35; VIX 26.05 >= 23.2899; mean + 1*std <= VIX < mean + 2*std, buy 1 contract max once per week; no short call overlay",held 12-15 months and reached +60% profit,take_profit_60_12_to_15m
trade,trade_log,,,,,,,,,,,,2016-01-11,2017-01-24,sigma1_weekly_1lot,1,1,,,,96.9148,116.6388,92,1705.0429,2769.2623,0,0,0,0,2769.2623,1064.2194,0.62416,379,29.8031,24.3,17.441,5.8109,23.252,"RSI(14) 29.8031 < 35; VIX 24.3 >= 23.252; mean + 1*std <= VIX < mean + 2*std, buy 1 contract max once per week; no short call overlay",held 12-15 months and reached +60% profit,take_profit_60_12_to_15m
trade,trade_log,,,,,,,,,,,,2016-01-07,2017-01-25,sigma1_weekly_1lot,1,1,,,,97.4164,117.8129,92,1745.2799,2876.4988,0,0,0,0,2876.4988,1131.2189,0.648159,384,29.8935,24.99,17.428,5.806,23.2341,"RSI(14) 29.8935 < 35; VIX 24.99 >= 23.2341; mean + 1*std <= VIX < mean + 2*std, buy 1 contract max once per week; no short call overlay",held 12-15 months and reached +60% profit,take_profit_60_12_to_15m
trade,trade_log,,,,,,,,,,,,2016-02-05,2017-02-06,sigma1_weekly_1lot,1,1,,,,91.1461,118.1886,86,1703.7713,3479.9635,0,0,0,0,3479.9635,1776.1922,1.042506,367,34.038,23.38,17.5258,5.8192,23.345,"RSI(14) 34.038 < 35; VIX 23.38 >= 23.345; mean + 1*std <= VIX < mean + 2*std, buy 1 contract max once per week; no short call overlay",held 12-15 months and reached +60% profit,take_profit_60_12_to_15m
trade,trade_log,,,,,,,,,,,,2016-02-08,2017-02-07,sigma1_weekly_1lot,1,1,,,,89.7527,118.6207,85,1663.3948,3619.2892,0,0,0,0,3619.2892,1955.8944,1.175845,365,31.5335,26,17.5324,5.8218,23.3541,"RSI(14) 31.5335 < 35; VIX 26 >= 23.3541; mean + 1*std <= VIX < mean + 2*std, buy 1 contract max once per week; no short call overlay",held 12-15 months and reached +60% profit,take_profit_60_12_to_15m
trade,trade_log,,,,,,,,,,,,2016-06-27,2017-04-27,sigma1_weekly_1lot,1,1,,,,95.4901,127.7714,90,1849.4144,4091.5298,0,0,0,0,4091.5298,2242.1154,1.212338,304,29.8468,23.85,17.4713,5.6926,23.164,"RSI(14) 29.8468 < 35; VIX 23.85 >= 23.164; mean + 1*std <= VIX < mean + 2*std, buy 1 contract max once per week; no short call overlay",held <12 months and reached +120% profit,take_profit_120_before_12m
trade,trade_log,,,,,,,,,,,,2018-02-08,2019-03-12,sigma2_repeat_20d_2lot,2,2,second_or_later_in_20d,2,2,145.445,167.9319,141,3876.5248,7100.0915,0,0,0,0,7100.0915,3223.5668,0.831561,397,32.6321,33.46,16.2594,5.6461,27.5516,"RSI(14) 32.6321 < 35; VIX 33.46 >= 27.5516; second or later RSI<35 and VIX >= mean + 2*std signal in the last 20 trading days, buy 2 contracts, or 1 if cash is insufficient for 2; no short call overlay",held 12-15 months and reached +80% profit,take_profit_80_12_to_15m
trade,trade_log,,,,,,,,,,,,2018-02-05,2019-03-20,sigma2_first_60d_1lot,1,2,first_in_60d,1,1,149.8714,172.1349,146,1930.0028,3497.4703,0,0,0,0,3497.4703,1567.4674,0.812158,408,34.9853,37.32,16.2357,5.6202,27.476,"RSI(14) 34.9853 < 35; VIX 37.32 >= 27.476; first RSI<35 and VIX >= mean + 2*std signal in the last 60 trading days, buy 1 contract; no short call overlay",held 12-15 months and reached +80% profit,take_profit_80_12_to_15m
trade,trade_log,,,,,,,,,,,,2018-03-23,2019-03-25,sigma1_weekly_1lot,1,1,,,,150.4848,170.6602,145,2200.7995,3557.4523,0,0,0,0,3557.4523,1356.6529,0.616436,367,33.0977,24.87,16.3105,5.6293,21.9398,"RSI(14) 33.0977 < 35; VIX 24.87 >= 21.9398; mean + 1*std <= VIX < mean + 2*std, buy 1 contract max once per week; no short call overlay",held 12-15 months and reached +60% profit,take_profit_60_12_to_15m
trade,trade_log,,,,,,,,,,,,2018-10-24,2019-10-24,sigma1_weekly_1lot,1,1,,,,157.5881,186.6436,149,2857.3984,4575.1566,0,0,0,0,4575.1566,1717.7581,0.601162,365,29.6172,25.23,16.1962,5.4981,21.6943,"RSI(14) 29.6172 < 35; VIX 25.23 >= 21.6943; mean + 1*std <= VIX < mean + 2*std, buy 1 contract max once per week; no short call overlay",held 12-15 months and reached +60% profit,take_profit_60_12_to_15m
trade,trade_log,,,,,,,,,,,,2018-10-29,2019-10-29,sigma1_weekly_1lot,1,1,,,,155.577,188.5188,147,2861.7425,4858.1592,0,0,0,0,4858.1592,1996.4167,0.697623,365,32.9512,24.7,16.2086,5.5031,21.7118,"RSI(14) 32.9512 < 35; VIX 24.7 >= 21.7118; mean + 1*std <= VIX < mean + 2*std, buy 1 contract max once per week; no short call overlay",held 12-15 months and reached +60% profit,take_profit_60_12_to_15m
trade,trade_log,,,,,,,,,,,,2018-10-10,2019-11-08,sigma1_weekly_1lot,1,1,,,,163.6785,193.5096,156,2775.1985,4480.6196,0,0,0,0,4480.6196,1705.4211,0.614522,394,24.7447,22.96,16.1726,5.4993,21.6719,"RSI(14) 24.7447 < 35; VIX 22.96 >= 21.6719; mean + 1*std <= VIX < mean + 2*std, buy 1 contract max once per week; no short call overlay",held 12-15 months and reached +60% profit,take_profit_60_12_to_15m
trade,trade_log,,,,,,,,,,,,2018-12-24,2019-11-15,sigma2_repeat_20d_2lot,1,2,second_or_later_in_20d,3,3,137.1634,195.1253,128,2854.6966,7184.2872,0,0,0,0,7184.2872,4329.5906,1.516655,326,25.8177,36.07,16.3061,5.5208,27.3477,"RSI(14) 25.8177 < 35; VIX 36.07 >= 27.3477; second or later RSI<35 and VIX >= mean + 2*std signal in the last 20 trading days, buy 2 contracts, or 1 if cash is insufficient for 2; no short call overlay",held <12 months and reached +150% profit,take_profit_150_before_12m
trade,trade_log,,,,,,,,,,,,2018-11-20,2019-11-20,sigma1_weekly_1lot,1,1,,,,151.6978,194.3944,143,2921.6766,5691.3034,0,0,0,0,5691.3034,2769.6268,0.947958,365,34.4671,22.48,16.2372,5.4926,21.7299,"RSI(14) 34.4671 < 35; VIX 22.48 >= 21.7299; mean + 1*std <= VIX < mean + 2*std, buy 1 contract max once per week; no short call overlay",held 12-15 months and reached +60% profit,take_profit_60_12_to_15m
trade,trade_log,,,,,,,,,,,,2018-12-21,2019-12-16,sigma2_repeat_20d_2lot,2,2,second_or_later_in_20d,2,2,140.6512,201.2412,132,5752.6002,14689.128,0,0,0,0,14689.128,8936.5278,1.553476,360,28.5585,30.11,16.2963,5.5045,27.3053,"RSI(14) 28.5585 < 35; VIX 30.11 >= 27.3053; second or later RSI<35 and VIX >= mean + 2*std signal in the last 20 trading days, buy 2 contracts, or 1 if cash is insufficient for 2; no short call overlay",held <12 months and reached +150% profit,take_profit_150_before_12m
trade,trade_log,,,,,,,,,,,,2018-12-19,2019-12-16,sigma1_weekly_1lot,1,1,,,,147.2849,201.2412,138,3000.6956,6778.6576,0,0,0,0,6778.6576,3777.9619,1.259029,362,34.9631,25.58,16.2834,5.492,21.7753,"RSI(14) 34.9631 < 35; VIX 25.58 >= 21.7753; mean + 1*std <= VIX < mean + 2*std, buy 1 contract max once per week; no short call overlay",held <12 months and reached +120% profit,take_profit_120_before_12m
trade,trade_log,,,,,,,,,,,,2018-12-20,2019-12-20,sigma2_first_60d_1lot,1,2,first_in_60d,1,1,145.1499,203.5876,136,2960.6691,7187.2569,0,0,0,0,7187.2569,4226.5878,1.427579,365,32.7186,28.38,16.2894,5.4972,27.2839,"RSI(14) 32.7186 < 35; VIX 28.38 >= 27.2839; first RSI<35 and VIX >= mean + 2*std signal in the last 60 trading days, buy 1 contract; no short call overlay",held 12-15 months and reached +80% profit,take_profit_80_12_to_15m
trade,trade_log,,,,,,,,,,,,2019-08-05,2020-05-29,sigma1_weekly_1lot,1,1,,,,173.4464,225.3728,163,3497.4909,7706.3186,0,0,0,0,7706.3186,4208.8278,1.203385,298,29.7994,24.59,16.2753,5.3945,21.6697,"RSI(14) 29.7994 < 35; VIX 24.59 >= 21.6697; mean + 1*std <= VIX < mean + 2*std, buy 1 contract max once per week; no short call overlay",held <12 months and reached +120% profit,take_profit_120_before_12m
trade,trade_log,,,,,,,,,,,,2020-03-12,2020-06-08,sigma2_repeat_20d_2lot,2,2,second_or_later_in_20d,5,5,170.8867,233.2825,159,7397.9476,18643.0102,0,0,0,0,18643.0102,11245.0626,1.520025,88,29.0173,75.47,16.349,5.6899,27.7288,"RSI(14) 29.0173 < 35; VIX 75.47 >= 27.7288; second or later RSI<35 and VIX >= mean + 2*std signal in the last 20 trading days, buy 2 contracts, or 1 if cash is insufficient for 2; no short call overlay",held <12 months and reached +150% profit,take_profit_150_before_12m
trade,trade_log,,,,,,,,,,,,2020-03-16,2020-06-09,sigma2_repeat_20d_2lot,2,2,second_or_later_in_20d,6,6,163.1577,234.9726,151,8007.9171,20071.6712,0,0,0,0,20071.6712,12063.7541,1.506478,85,31.8202,82.69,16.3956,5.9153,28.2261,"RSI(14) 31.8202 < 35; VIX 82.69 >= 28.2261; second or later RSI<35 and VIX >= mean + 2*std signal in the last 20 trading days, buy 2 contracts, or 1 if cash is insufficient for 2; no short call overlay",held <12 months and reached +150% profit,take_profit_150_before_12m
trade,trade_log,,,,,,,,,,,,2020-03-09,2020-07-01,sigma2_repeat_20d_2lot,2,2,second_or_later_in_20d,4,4,186.5471,242.3372,176,7124.8465,17877.2016,0,0,0,0,17877.2016,10752.3552,1.509135,114,31.0924,54.46,16.2937,5.4658,27.2253,"RSI(14) 31.0924 < 35; VIX 54.46 >= 27.2253; second or later RSI<35 and VIX >= mean + 2*std signal in the last 20 trading days, buy 2 contracts, or 1 if cash is insufficient for 2; no short call overlay",held <12 months and reached +150% profit,take_profit_150_before_12m
trade,trade_log,,,,,,,,,,,,2020-02-28,2020-07-06,sigma2_repeat_20d_2lot,2,2,second_or_later_in_20d,3,3,198.3335,249.9801,189,6636.5704,17407.8513,0,0,0,0,17407.8513,10771.281,1.623019,129,27.3012,40.11,16.2328,5.327,26.8868,"RSI(14) 27.3012 < 35; VIX 40.11 >= 26.8868; second or later RSI<35 and VIX >= mean + 2*std signal in the last 20 trading days, buy 2 contracts, or 1 if cash is insufficient for 2; no short call overlay",held <12 months and reached +150% profit,take_profit_150_before_12m
trade,trade_log,,,,,,,,,,,,2020-02-27,2020-07-06,sigma2_repeat_20d_2lot,2,2,second_or_later_in_20d,2,2,198.1792,249.9801,189,6615.6737,17400.2174,0,0,0,0,17400.2174,10784.5437,1.63015,130,27.0081,39.16,16.2224,5.3049,26.8321,"RSI(14) 27.0081 < 35; VIX 39.16 >= 26.8321; second or later RSI<35 and VIX >= mean + 2*std signal in the last 20 trading days, buy 2 contracts, or 1 if cash is insufficient for 2; no short call overlay",held <12 months and reached +150% profit,take_profit_150_before_12m
trade,trade_log,,,,,,,,,,,,2020-02-25,2020-07-09,sigma2_first_60d_1lot,1,2,first_in_60d,1,1,207.5562,253.6467,198,3359.3334,8431.3942,0,0,0,0,8431.3942,5072.0608,1.509841,135,34.0523,27.85,16.2075,5.2803,26.768,"RSI(14) 34.0523 < 35; VIX 27.85 >= 26.768; first RSI<35 and VIX >= mean + 2*std signal in the last 60 trading days, buy 1 contract; no short call overlay",held <12 months and reached +150% profit,take_profit_150_before_12m
trade,trade_log,,,,,,,,,,,,2021-03-04,2022-09-06,sigma1_weekly_1lot,1,1,,,,294.7356,286.2963,274,8503.3758,3556.3297,0,0,0,0,3556.3297,-4947.0461,-0.581774,551,34.3275,28.57,17.6439,7.4771,25.121,"RSI(14) 34.3275 < 35; VIX 28.57 >= 25.121; mean + 1*std <= VIX < mean + 2*std, buy 1 contract max once per week; no short call overlay",forced exit with 180 days left to expiry,force_exit_180d_to_expiry
trade,trade_log,,,,,,,,,,,,2021-03-08,2022-09-09,sigma1_weekly_1lot,1,1,,,,290.7036,300.0127,270,8391.1281,4758.6801,0,0,0,0,4758.6801,-3632.448,-0.432891,550,34.0021,25.47,17.6497,7.4771,25.1268,"RSI(14) 34.0021 < 35; VIX 25.47 >= 25.1268; mean + 1*std <= VIX < mean + 2*std, buy 1 contract max once per week; no short call overlay",forced exit with 180 days left to expiry,force_exit_180d_to_expiry
trade,trade_log,,,,,,,,,,,,2021-05-12,2022-11-14,sigma1_weekly_1lot,1,1,,,,307.5196,279.3628,287,6660.6009,2826.624,0,0,0,0,2826.624,-3833.9769,-0.57562,551,34.0252,27.59,17.6745,7.4189,25.0933,"RSI(14) 34.0252 < 35; VIX 27.59 >= 25.0933; mean + 1*std <= VIX < mean + 2*std, buy 1 contract max once per week; no short call overlay",forced exit with 180 days left to expiry,force_exit_180d_to_expiry
trade,trade_log,,,,,,,,,,,,2022-05-11,2023-06-12,sigma1_weekly_1lot,1,1,,,,284.5672,354.2071,265,6208.9159,10347.6595,0,0,0,0,10347.6595,4138.7437,0.666581,397,32.4322,32.56,17.9776,7.3105,25.2881,"RSI(14) 32.4322 < 35; VIX 32.56 >= 25.2881; mean + 1*std <= VIX < mean + 2*std, buy 1 contract max once per week; no short call overlay",held 12-15 months and reached +60% profit,take_profit_60_12_to_15m
trade,trade_log,,,,,,,,,,,,2022-03-08,2023-06-13,sigma2_repeat_20d_2lot,2,2,second_or_later_in_20d,2,2,314.9026,356.9288,297,11875.8893,15539.074,0,0,0,0,15539.074,3663.1846,0.308456,462,34.1635,35.13,17.8534,7.2755,32.4044,"RSI(14) 34.1635 < 35; VIX 35.13 >= 32.4044; second or later RSI<35 and VIX >= mean + 2*std signal in the last 20 trading days, buy 2 contracts, or 1 if cash is insufficient for 2; no short call overlay",held 16-18 months and reached +30% profit,take_profit_30_16_to_18m
trade,trade_log,,,,,,,,,,,,2022-06-14,2023-06-14,sigma1_weekly_1lot,1,1,,,,269.0341,359.5228,250,6256.8352,12143.5073,0,0,0,0,12143.5073,5886.6721,0.940839,365,33.5279,32.69,18.0556,7.3371,25.3928,"RSI(14) 33.5279 < 35; VIX 32.69 >= 25.3928; mean + 1*std <= VIX < mean + 2*std, buy 1 contract max once per week; no short call overlay",held 12-15 months and reached +60% profit,take_profit_60_12_to_15m
trade,trade_log,,,,,,,,,,,,2022-03-07,2023-06-15,sigma2_first_60d_1lot,1,2,first_in_60d,1,1,316.373,363.8068,298,6055.2912,8202.86,0,0,0,0,8202.86,2147.5688,0.35466,465,34.8134,36.45,17.8473,7.2695,32.3863,"RSI(14) 34.8134 < 35; VIX 36.45 >= 32.3863; first RSI<35 and VIX >= mean + 2*std signal in the last 60 trading days, buy 1 contract; no short call overlay",held 16-18 months and reached +30% profit,take_profit_30_16_to_18m
trade,trade_log,,,,,,,,,,,,2022-06-16,2023-06-16,sigma2_repeat_20d_2lot,2,2,second_or_later_in_20d,4,2,264.6268,361.5174,246,12424.6943,25325.5153,0,0,0,0,25325.5153,12900.821,1.038321,365,33.9972,32.95,18.0648,7.343,32.7508,"RSI(14) 33.9972 < 35; VIX 32.95 >= 32.7508; second or later RSI<35 and VIX >= mean + 2*std signal in the last 20 trading days, buy 2 contracts, or 1 if cash is insufficient for 2; no short call overlay",held 12-15 months and reached +80% profit,take_profit_80_12_to_15m
trade,trade_log,,,,,,,,,,,,2022-05-09,2023-07-13,sigma2_repeat_20d_2lot,2,2,second_or_later_in_20d,4,2,289.7448,373.0529,270,12598.4282,22731.6582,0,0,0,0,22731.6582,10133.23,0.804325,430,33.1418,34.75,17.9672,7.3025,32.5723,"RSI(14) 33.1418 < 35; VIX 34.75 >= 32.5723; second or later RSI<35 and VIX >= mean + 2*std signal in the last 20 trading days, buy 2 contracts, or 1 if cash is insufficient for 2; no short call overlay",held 12-15 months and reached +80% profit,take_profit_80_12_to_15m
trade,trade_log,,,,,,,,,,,,2022-02-23,2023-07-13,sigma1_weekly_1lot,1,1,,,,320.814,373.0529,302,6194.8246,8339.3856,0,0,0,0,8339.3856,2144.561,0.346186,505,32.2349,31.02,17.8087,7.2426,25.0513,"RSI(14) 32.2349 < 35; VIX 31.02 >= 25.0513; mean + 1*std <= VIX < mean + 2*std, buy 1 contract max once per week; no short call overlay",held 16-18 months and reached +30% profit,take_profit_30_16_to_18m
trade,trade_log,,,,,,,,,,,,2022-10-10,2023-07-18,sigma1_weekly_1lot,1,1,,,,260.738,379.5369,241,6751.2119,15027.5725,0,0,0,0,15027.5725,8276.3606,1.225907,281,34.515,32.45,18.2661,7.3675,25.6336,"RSI(14) 34.515 < 35; VIX 32.45 >= 25.6336; mean + 1*std <= VIX < mean + 2*std, buy 1 contract max once per week; no short call overlay",held <12 months and reached +120% profit,take_profit_120_before_12m
trade,trade_log,,,,,,,,,,,,2022-04-27,2023-07-18,sigma1_weekly_1lot,1,1,,,,308.8661,379.5369,289,6333.8022,10282.8966,0,0,0,0,10282.8966,3949.0944,0.623495,447,33.6248,31.6,17.9311,7.2795,25.2107,"RSI(14) 33.6248 < 35; VIX 31.6 >= 25.2107; mean + 1*std <= VIX < mean + 2*std, buy 1 contract max once per week; no short call overlay",held 12-15 months and reached +60% profit,take_profit_60_12_to_15m
trade,trade_log,,,,,,,,,,,,2022-01-20,2023-07-24,sigma1_weekly_1lot,1,1,,,,352.2702,370.1798,333,6365.752,5479.7909,0,0,0,0,5479.7909,-885.9611,-0.139176,550,31.049,25.59,17.7381,7.2238,24.9619,"RSI(14) 31.049 < 35; VIX 25.59 >= 24.9619; mean + 1*std <= VIX < mean + 2*std, buy 1 contract max once per week; no short call overlay",forced exit with 180 days left to expiry,force_exit_180d_to_expiry
trade,trade_log,,,,,,,,,,,,2022-01-24,2023-07-28,sigma1_weekly_1lot,1,1,,,,344.0702,377.3133,325,6272.6006,6567.5779,0,0,0,0,6567.5779,294.9773,0.047026,550,28.3738,29.9,17.7464,7.2279,24.9744,"RSI(14) 28.3738 < 35; VIX 29.9 >= 24.9744; mean + 1*std <= VIX < mean + 2*std, buy 1 contract max once per week; no short call overlay",forced exit with 180 days left to expiry,force_exit_180d_to_expiry
trade,trade_log,,,,,,,,,,,,2022-09-06,2023-09-06,sigma1_weekly_1lot,1,1,,,,286.2963,368.7138,265,7178.3588,11577.3565,0,0,0,0,11577.3565,4398.9976,0.612814,365,33.4323,26.91,18.184,7.3363,25.5203,"RSI(14) 33.4323 < 35; VIX 26.91 >= 25.5203; mean + 1*std <= VIX < mean + 2*std, buy 1 contract max once per week; no short call overlay",held 12-15 months and reached +60% profit,take_profit_60_12_to_15m
trade,trade_log,,,,,,,,,,,,2022-09-26,2023-09-26,sigma1_weekly_1lot,1,1,,,,268.5285,349.0184,249,6834.4653,11064.7579,0,0,0,0,11064.7579,4230.2926,0.618965,365,29.6178,32.26,18.2236,7.3432,25.5667,"RSI(14) 29.6178 < 35; VIX 32.26 >= 25.5667; mean + 1*std <= VIX < mean + 2*std, buy 1 contract max once per week; no short call overlay",held 12-15 months and reached +60% profit,take_profit_60_12_to_15m
trade,trade_log,,,,,,,,,,,,2022-09-21,2023-10-09,sigma1_weekly_1lot,1,1,,,,277.5228,361.1874,257,7075.3997,11418.8879,0,0,0,0,11418.8879,4343.4882,0.613886,383,34.8195,27.99,18.2118,7.3372,25.549,"RSI(14) 34.8195 < 35; VIX 27.99 >= 25.549; mean + 1*std <= VIX < mean + 2*std, buy 1 contract max once per week; no short call overlay",held 12-15 months and reached +60% profit,take_profit_60_12_to_15m
trade,trade_log,,,,,,,,,,,,2022-10-11,2023-10-11,sigma2_first_60d_1lot,1,2,first_in_60d,1,1,257.1559,365.7791,238,6646.5942,13604.806,0,0,0,0,13604.806,6958.2118,1.046884,365,32.4804,33.63,18.2713,7.3717,33.0146,"RSI(14) 32.4804 < 35; VIX 33.63 >= 33.0146; first RSI<35 and VIX >= mean + 2*std signal in the last 60 trading days, buy 1 contract; no short call overlay",held 12-15 months and reached +80% profit,take_profit_80_12_to_15m
trade,trade_log,,,,,,,,,,,,2022-10-12,2023-10-12,sigma2_repeat_20d_2lot,1,2,second_or_later_in_20d,2,2,257.0678,364.508,238,6640.3172,13480.1303,0,0,0,0,13480.1303,6839.8131,1.030043,365,32.4298,33.57,18.2765,7.3758,33.028,"RSI(14) 32.4298 < 35; VIX 33.57 >= 33.028; second or later RSI<35 and VIX >= mean + 2*std signal in the last 20 trading days, buy 2 contracts, or 1 if cash is insufficient for 2; no short call overlay",held 12-15 months and reached +80% profit,take_profit_80_12_to_15m
trade,trade_log,,,,,,,,,,,,2024-08-06,2025-06-30,sigma1_weekly_1lot,1,1,,,,435.4464,549.5992,414,7344.266,16163.6861,0,0,0,0,16163.6861,8819.4201,1.200858,328,33.4583,27.71,18.0948,7.0566,25.1514,"RSI(14) 33.4583 < 35; VIX 27.71 >= 25.1514; mean + 1*std <= VIX < mean + 2*std, buy 1 contract max once per week; no short call overlay",held <12 months and reached +120% profit,take_profit_120_before_12m
trade,trade_log,,,,,,,,,,,,2024-08-05,2025-08-05,sigma2_first_60d_1lot,1,2,first_in_60d,1,1,431.325,558.1973,410,7275.6028,16882.6691,0,0,0,0,16882.6691,9607.0663,1.32045,365,30.2739,38.57,18.092,7.0557,32.2034,"RSI(14) 30.2739 < 35; VIX 38.57 >= 32.2034; first RSI<35 and VIX >= mean + 2*std signal in the last 60 trading days, buy 1 contract; no short call overlay",held 12-15 months and reached +80% profit,take_profit_80_12_to_15m
trade,trade_log,,,,,,,,,,,,2025-04-08,2025-08-08,sigma2_repeat_20d_2lot,2,2,second_or_later_in_20d,3,3,414.0558,572.4244,388,16750.6048,42693.0278,0,0,0,0,42693.0278,25942.423,1.548745,122,23.3233,52.33,18.1177,6.9805,32.0786,"RSI(14) 23.3233 < 35; VIX 52.33 >= 32.0786; second or later RSI<35 and VIX >= mean + 2*std signal in the last 20 trading days, buy 2 contracts, or 1 if cash is insufficient for 2; no short call overlay",held <12 months and reached +150% profit,take_profit_150_before_12m
trade,trade_log,,,,,,,,,,,,2025-04-04,2025-08-12,sigma2_first_60d_1lot,1,2,first_in_60d,1,1,420.6339,577.9041,394,8519.5885,21300.6525,0,0,0,0,21300.6525,12781.0641,1.500197,130,24.3389,45.31,18.1001,6.9422,31.9846,"RSI(14) 24.3389 < 35; VIX 45.31 >= 31.9846; first RSI<35 and VIX >= mean + 2*std signal in the last 60 trading days, buy 1 contract; no short call overlay",held <12 months and reached +150% profit,take_profit_150_before_12m
trade,trade_log,,,,,,,,,,,,2025-04-07,2025-09-11,sigma2_repeat_20d_2lot,2,2,second_or_later_in_20d,2,2,421.649,581.9193,395,17048.5622,42711.628,0,0,0,0,42711.628,25663.0658,1.505292,157,25.0236,46.98,18.1082,6.958,32.0242,"RSI(14) 25.0236 < 35; VIX 46.98 >= 32.0242; second or later RSI<35 and VIX >= mean + 2*std signal in the last 20 trading days, buy 2 contracts, or 1 if cash is insufficient for 2; no short call overlay",held <12 months and reached +150% profit,take_profit_150_before_12m
trade,trade_log,,,,,,,,,,,,2025-04-03,2025-09-12,sigma1_weekly_1lot,1,1,,,,448.4891,584.4896,422,8721.5206,19408.3942,0,0,0,0,19408.3942,10686.8736,1.225345,162,31.7204,30.02,18.0925,6.9283,25.0208,"RSI(14) 31.7204 < 35; VIX 30.02 >= 25.0208; mean + 1*std <= VIX < mean + 2*std, buy 1 contract max once per week; no short call overlay",held <12 months and reached +120% profit,take_profit_120_before_12m
trade,trade_log,,,,,,,,,,,,2025-03-10,2025-10-02,sigma1_weekly_1lot,1,1,,,,469.7523,604.1887,443,8723.8927,19224.0109,0,0,0,0,19224.0109,10500.1182,1.203605,206,28.5146,27.86,18.0751,6.9377,25.0129,"RSI(14) 28.5146 < 35; VIX 27.86 >= 25.0129; mean + 1*std <= VIX < mean + 2*std, buy 1 contract max once per week; no short call overlay",held <12 months and reached +120% profit,take_profit_120_before_12m
